Id,Slack (ns),Source Clock,Sink Clock,Exception,Hops,TDMs used per hop**,Total TDM delay (ns)*,User logic delay (ns),Path delay (ns),Requirement (ns),Start Point,End Point,Net Name,
1,8.508,clk1:r,clk1:r,-,FB1_uB: FB1_uA: FB1_uB: FB1_uA,x1: x1: x1: x1: x1,(trace:4.750) + (trace:5.039) + (trace:5.146) + (trace:3.753) + (trace:5.146) = 23.834,12.626,37.277,45.785,FB1.uA.dut_inst.count[0].Q,FB1.uB.dut_inst.remainder_reg[0].D,count[0]: un1_count_6[0]: input_A_dec[6]: input_A_pmux: un1_remainder_reg_3[0]
2,8.536,clk1:r,clk1:r,-,FB1_uB: FB1_uA: FB1_uB: FB1_uA,x1: x1: x1: x1: x1,(trace:4.750) + (trace:5.039) + (trace:5.146) + (trace:3.753) + (trace:5.146) = 23.834,5.255,37.277,45.785,FB1.uA.dut_inst.count[0].Q,FB1.uB.dut_inst.remainder_reg[0].D,count[0]: un1_count_6[0]: input_A_dec[7]: input_A_pmux: un1_remainder_reg_3[0]
3,8.634,clk1:r,clk1:r,-,FB1_uB: FB1_uA: FB1_uB: FB1_uA,x1: x1: x1: x1: x1,(trace:4.750) + (trace:5.039) + (trace:5.146) + (trace:3.753) + (trace:5.146) = 23.834,5.157,37.277,45.785,FB1.uA.dut_inst.count[0].Q,FB1.uB.dut_inst.remainder_reg[0].D,count[0]: un1_count_6[0]: input_A_dec[3]: input_A_pmux: un1_remainder_reg_3[0]
4,8.759,clk1:r,clk1:r,-,FB1_uB: FB1_uA: FB1_uB: FB1_uA,x1: x1: x1: x1: x1,(trace:4.750) + (trace:5.039) + (trace:5.146) + (trace:3.753) + (trace:5.146) = 23.834,5.032,37.277,45.785,FB1.uA.dut_inst.count[0].Q,FB1.uB.dut_inst.remainder_reg[0].D,count[0]: un1_count_6[0]: input_A_dec[1]: input_A_pmux: un1_remainder_reg_3[0]
5,9.011,clk1:r,clk1:r,-,FB1_uB: FB1_uA: FB1_uB: FB1_uA,x1: x1: x1: x1: x1,(trace:4.750) + (trace:5.039) + (trace:4.750) + (trace:3.753) + (trace:5.146) = 23.438,5.176,37.277,45.785,FB1.uA.dut_inst.count[0].Q,FB1.uB.dut_inst.remainder_reg[0].D,count[0]: un1_count_6[0]: input_A_dec[4]: input_A_pmux: un1_remainder_reg_3[0]
6,9.011,clk1:r,clk1:r,-,FB1_uB: FB1_uA: FB1_uB: FB1_uA,x1: x1: x1: x1: x1,(trace:4.750) + (trace:5.039) + (trace:4.750) + (trace:3.753) + (trace:5.146) = 23.438,5.176,37.277,45.785,FB1.uA.dut_inst.count[0].Q,FB1.uB.dut_inst.remainder_reg[0].D,count[0]: un1_count_6[0]: input_A_dec[5]: input_A_pmux: un1_remainder_reg_3[0]
7,9.012,clk1:r,clk1:r,-,FB1_uB: FB1_uA: FB1_uB: FB1_uA,x1: x1: x1: x1: x1,(trace:4.750) + (trace:5.039) + (trace:4.750) + (trace:3.753) + (trace:5.146) = 23.438,5.175,37.277,45.785,FB1.uA.dut_inst.count[0].Q,FB1.uB.dut_inst.remainder_reg[0].D,count[0]: un1_count_6[0]: input_A_dec[2]: input_A_pmux: un1_remainder_reg_3[0]
8,9.146,clk1:r,clk1:r,-,FB1_uB: FB1_uA: FB1_uB: FB1_uA,x1: x1: x1: x1: x1,(trace:4.750) + (trace:5.039) + (trace:4.750) + (trace:3.753) + (trace:5.146) = 23.438,5.041,37.277,45.785,FB1.uA.dut_inst.count[0].Q,FB1.uB.dut_inst.remainder_reg[0].D,count[0]: un1_count_6[0]: input_A_dec[0]: input_A_pmux: un1_remainder_reg_3[0]
9,20.325,System:r,clk1:r,-,FB1_uA: FB1_uB,x1: x1: x1,(trace:5.146) + (trace:5.146) + (trace:5.039) = 15.331,8.829,25.478,45.803,in_valid.in_valid,FB1.uA.dut_inst.count[2].D,in_valid_aptn_ft: un1_in_valid_2: un1_count_8[2]
10,20.325,System:r,clk1:r,-,FB1_uA: FB1_uB,x1: x1: x1,(trace:5.146) + (trace:5.146) + (trace:5.039) = 15.331,3.749,25.478,45.803,in_valid.in_valid,FB1.uA.dut_inst.count[0].D,in_valid_aptn_ft: un1_in_valid_2: un1_count_8[0]
11,20.325,System:r,clk1:r,-,FB1_uA: FB1_uB,x1: x1: x1,(trace:5.146) + (trace:5.146) + (trace:5.039) = 15.331,3.749,25.478,45.803,in_valid.in_valid,FB1.uA.dut_inst.count[3].D,in_valid_aptn_ft: un1_in_valid_2: un1_count_8[3]
12,20.325,System:r,clk1:r,-,FB1_uA: FB1_uB,x1: x1: x1,(trace:5.146) + (trace:5.146) + (trace:5.039) = 15.331,3.749,25.478,45.803,in_valid.in_valid,FB1.uA.dut_inst.count[1].D,in_valid_aptn_ft: un1_in_valid_2: un1_count_8[1]
13,21.758,clk1:r,clk1:r,-,FB1_uB: FB1_uA,x1: x1: x1,(trace:5.146) + (trace:5.039) + (trace:5.146) = 15.331,7.879,24.027,45.785,FB1.uA.dut_inst.input_B[0].Q,FB1.uB.dut_inst.remainder_reg[7].D,input_B[0]: un1_remainder_reg_1[7]: un1_remainder_reg_3[7]
14,21.759,clk1:r,clk1:r,-,FB1_uB: FB1_uA,x1: x1: x1,(trace:5.146) + (trace:5.039) + (trace:5.146) = 15.331,6.473,24.026,45.785,FB1.uA.dut_inst.input_B[0].Q,FB1.uB.dut_inst.remainder_reg[5].D,input_B[0]: un1_remainder_reg_1[5]: un1_remainder_reg_3[5]
15,21.824,clk1:r,clk1:r,-,FB1_uB: FB1_uA,x1: x1: x1,(trace:5.146) + (trace:5.039) + (trace:5.146) = 15.331,6.408,23.961,45.785,FB1.uA.dut_inst.input_B[0].Q,FB1.uB.dut_inst.remainder_reg[3].D,input_B[0]: un1_remainder_reg_1[3]: un1_remainder_reg_3[3]
16,21.828,clk1:r,clk1:r,-,FB1_uB: FB1_uA,x1: x1: x1,(trace:5.146) + (trace:5.039) + (trace:5.146) = 15.331,6.404,23.957,45.785,FB1.uA.dut_inst.input_B[0].Q,FB1.uB.dut_inst.remainder_reg[2].D,input_B[0]: un1_remainder_reg_1[2]: un1_remainder_reg_3[2]
17,21.829,clk1:r,clk1:r,-,FB1_uB: FB1_uA,x1: x1: x1,(trace:5.146) + (trace:5.039) + (trace:5.146) = 15.331,4.210,24.027,45.785,FB1.uA.dut_inst.input_B[2].Q,FB1.uB.dut_inst.remainder_reg[7].D,input_B[2]: un1_remainder_reg_1[7]: un1_remainder_reg_3[7]
18,21.831,clk1:r,clk1:r,-,FB1_uB: FB1_uA,x1: x1: x1,(trace:5.146) + (trace:5.039) + (trace:5.146) = 15.331,2.803,24.026,45.785,FB1.uA.dut_inst.input_B[2].Q,FB1.uB.dut_inst.remainder_reg[5].D,input_B[2]: un1_remainder_reg_1[5]: un1_remainder_reg_3[5]
19,21.839,clk1:r,clk1:r,-,FB1_uB: FB1_uA,x1: x1: x1,(trace:5.146) + (trace:5.039) + (trace:5.146) = 15.331,4.200,24.027,45.785,FB1.uA.dut_inst.input_B[3].Q,FB1.uB.dut_inst.remainder_reg[7].D,input_B[3]: un1_remainder_reg_1[7]: un1_remainder_reg_3[7]
20,21.841,clk1:r,clk1:r,-,FB1_uB: FB1_uA,x1: x1: x1,(trace:5.146) + (trace:5.039) + (trace:5.146) = 15.331,2.793,24.026,45.785,FB1.uA.dut_inst.input_B[3].Q,FB1.uB.dut_inst.remainder_reg[5].D,input_B[3]: un1_remainder_reg_1[5]: un1_remainder_reg_3[5]
21,21.870,clk1:r,clk1:r,-,FB1_uB: FB1_uA,x1: x1: x1,(trace:5.146) + (trace:5.039) + (trace:5.039) = 15.224,6.469,23.915,45.785,FB1.uA.dut_inst.input_B[0].Q,FB1.uB.dut_inst.remainder_reg[6].D,input_B[0]: un1_remainder_reg_1[6]: un1_remainder_reg_3[6]
22,21.871,clk1:r,clk1:r,-,FB1_uB: FB1_uA,x1: x1: x1,(trace:5.146) + (trace:5.039) + (trace:5.146) = 15.331,4.168,24.027,45.785,FB1.uA.dut_inst.input_B[5].Q,FB1.uB.dut_inst.remainder_reg[7].D,input_B[5]: un1_remainder_reg_1[7]: un1_remainder_reg_3[7]
23,21.885,clk1:r,clk1:r,-,FB1_uB: FB1_uA,x1: x1: x1,(trace:5.146) + (trace:5.039) + (trace:5.146) = 15.331,2.749,23.957,45.785,FB1.uA.dut_inst.input_B[2].Q,FB1.uB.dut_inst.remainder_reg[2].D,input_B[2]: un1_remainder_reg_1[2]: un1_remainder_reg_3[2]
24,21.887,clk1:r,clk1:r,-,FB1_uB: FB1_uA,x1: x1: x1,(trace:5.146) + (trace:5.039) + (trace:5.039) = 15.224,6.452,23.898,45.785,FB1.uA.dut_inst.input_B[0].Q,FB1.uB.dut_inst.remainder_reg[4].D,input_B[0]: un1_remainder_reg_1[4]: un1_remainder_reg_3[4]
25,21.906,clk1:r,clk1:r,-,FB1_uB: FB1_uA,x1: x1: x1,(trace:5.146) + (trace:5.039) + (trace:5.146) = 15.331,2.727,23.961,45.785,FB1.uA.dut_inst.input_B[2].Q,FB1.uB.dut_inst.remainder_reg[3].D,input_B[2]: un1_remainder_reg_1[3]: un1_remainder_reg_3[3]
26,21.906,clk1:r,clk1:r,-,FB1_uB: FB1_uA,x1: x1: x1,(trace:5.146) + (trace:5.039) + (trace:5.146) = 15.331,4.133,24.027,45.785,FB1.uA.dut_inst.input_B[6].Q,FB1.uB.dut_inst.remainder_reg[7].D,input_B[6]: un1_remainder_reg_1[7]: un1_remainder_reg_3[7]
27,21.923,clk1:r,clk1:r,-,FB1_uB: FB1_uA,x1: x1: x1,(trace:5.146) + (trace:5.039) + (trace:5.146) = 15.331,2.711,23.961,45.785,FB1.uA.dut_inst.input_B[3].Q,FB1.uB.dut_inst.remainder_reg[3].D,input_B[3]: un1_remainder_reg_1[3]: un1_remainder_reg_3[3]
28,21.924,clk1:r,clk1:r,-,FB1_uB: FB1_uA,x1: x1: x1,(trace:5.146) + (trace:5.039) + (trace:5.146) = 15.331,2.709,24.026,45.785,FB1.uA.dut_inst.input_B[5].Q,FB1.uB.dut_inst.remainder_reg[5].D,input_B[5]: un1_remainder_reg_1[5]: un1_remainder_reg_3[5]
29,21.941,clk1:r,clk1:r,-,FB1_uB: FB1_uA,x1: x1: x1,(trace:5.146) + (trace:5.039) + (trace:5.039) = 15.224,2.800,23.915,45.785,FB1.uA.dut_inst.input_B[2].Q,FB1.uB.dut_inst.remainder_reg[6].D,input_B[2]: un1_remainder_reg_1[6]: un1_remainder_reg_3[6]
30,21.951,clk1:r,clk1:r,-,FB1_uB: FB1_uA,x1: x1: x1,(trace:5.146) + (trace:5.039) + (trace:5.039) = 15.224,2.790,23.915,45.785,FB1.uA.dut_inst.input_B[3].Q,FB1.uB.dut_inst.remainder_reg[6].D,input_B[3]: un1_remainder_reg_1[6]: un1_remainder_reg_3[6]
31,21.959,clk1:r,clk1:r,-,FB1_uB: FB1_uA,x1: x1: x1,(trace:5.146) + (trace:5.039) + (trace:5.039) = 15.224,2.781,23.898,45.785,FB1.uA.dut_inst.input_B[2].Q,FB1.uB.dut_inst.remainder_reg[4].D,input_B[2]: un1_remainder_reg_1[4]: un1_remainder_reg_3[4]
32,21.960,clk1:r,clk1:r,-,FB1_uB: FB1_uA,x1: x1: x1,(trace:5.146) + (trace:5.039) + (trace:5.039) = 15.224,6.379,23.825,45.785,FB1.uA.dut_inst.input_B[0].Q,FB1.uB.dut_inst.remainder_reg[1].D,input_B[0]: un1_remainder_reg_1[1]: un1_remainder_reg_3[1]
33,21.971,clk1:r,clk1:r,-,FB1_uB: FB1_uA,x1: x1: x1,(trace:5.146) + (trace:5.039) + (trace:5.039) = 15.224,2.769,23.898,45.785,FB1.uA.dut_inst.input_B[3].Q,FB1.uB.dut_inst.remainder_reg[4].D,input_B[3]: un1_remainder_reg_1[4]: un1_remainder_reg_3[4]
34,21.983,clk1:r,clk1:r,-,FB1_uB: FB1_uA,x1: x1: x1,(trace:5.146) + (trace:5.039) + (trace:5.039) = 15.224,2.757,23.915,45.785,FB1.uA.dut_inst.input_B[5].Q,FB1.uB.dut_inst.remainder_reg[6].D,input_B[5]: un1_remainder_reg_1[6]: un1_remainder_reg_3[6]
35,22.031,clk1:r,clk1:r,-,FB1_uB: FB1_uA,x1: x1: x1,(trace:5.146) + (trace:5.039) + (trace:5.039) = 15.224,2.709,23.915,45.785,FB1.uA.dut_inst.input_B[6].Q,FB1.uB.dut_inst.remainder_reg[6].D,input_B[6]: un1_remainder_reg_1[6]: un1_remainder_reg_3[6]
36,22.175,clk1:r,clk1:r,-,FB1_uB: FB1_uA,x1: x1: x1,(trace:4.750) + (trace:5.039) + (trace:5.146) = 14.935,3.969,23.610,45.785,FB1.uA.dut_inst.count[0].Q,FB1.uB.dut_inst.quotient_reg[4].D,count[0]: un1_count_6[0]: un1_quotient_reg_1[4]
37,22.175,clk1:r,clk1:r,-,FB1_uB: FB1_uA,x1: x1: x1,(trace:4.750) + (trace:5.039) + (trace:5.146) = 14.935,3.969,23.610,45.785,FB1.uA.dut_inst.count[0].Q,FB1.uB.dut_inst.quotient_reg[1].D,count[0]: un1_count_6[0]: un1_quotient_reg_1[1]
38,22.175,clk1:r,clk1:r,-,FB1_uB: FB1_uA,x1: x1: x1,(trace:4.750) + (trace:5.039) + (trace:5.146) = 14.935,3.969,23.610,45.785,FB1.uA.dut_inst.count[0].Q,FB1.uB.dut_inst.quotient_reg[7].D,count[0]: un1_count_6[0]: un1_quotient_reg_1[7]
39,22.175,clk1:r,clk1:r,-,FB1_uB: FB1_uA,x1: x1: x1,(trace:4.750) + (trace:5.039) + (trace:5.146) = 14.935,3.969,23.610,45.785,FB1.uA.dut_inst.count[0].Q,FB1.uB.dut_inst.quotient_reg[6].D,count[0]: un1_count_6[0]: un1_quotient_reg_1[6]
40,22.175,clk1:r,clk1:r,-,FB1_uB: FB1_uA,x1: x1: x1,(trace:4.750) + (trace:5.039) + (trace:5.146) = 14.935,3.969,23.610,45.785,FB1.uA.dut_inst.count[0].Q,FB1.uB.dut_inst.quotient_reg[3].D,count[0]: un1_count_6[0]: un1_quotient_reg_1[3]
41,22.179,clk1:r,clk1:r,-,FB1_uB: FB1_uA,x1: x1: x1,(trace:5.146) + (trace:5.039) + (trace:5.146) = 15.331,4.990,37.277,45.785,FB1.uA.dut_inst.input_B[0].Q,FB1.uB.dut_inst.remainder_reg[0].D,input_B[0]: un1_remainder_reg_1[0]: un1_remainder_reg_3[0]
42,22.282,clk1:r,clk1:r,-,FB1_uB: FB1_uA,x1: x1: x1,(trace:4.750) + (trace:5.039) + (trace:5.039) = 14.828,3.969,23.503,45.785,FB1.uA.dut_inst.count[0].Q,FB1.uB.dut_inst.quotient_reg[2].D,count[0]: un1_count_6[0]: un1_quotient_reg_1[2]
43,22.282,clk1:r,clk1:r,-,FB1_uB: FB1_uA,x1: x1: x1,(trace:4.750) + (trace:5.039) + (trace:5.039) = 14.828,3.969,23.503,45.785,FB1.uA.dut_inst.count[0].Q,FB1.uB.dut_inst.quotient_reg[5].D,count[0]: un1_count_6[0]: un1_quotient_reg_1[5]
44,22.894,clk1:r,clk1:r,-,FB1_uB: FB1_uA,x1: x1: x1,(trace:4.750) + (trace:3.753) + (trace:5.146) = 13.649,7.362,37.277,45.785,FB1.uA.dut_inst.count[1].Q,FB1.uB.dut_inst.remainder_reg[0].D,count[1]: un1_count_1[1]: un1_remainder_reg_3[0]
45,22.903,clk1:r,clk1:r,-,FB1_uB: FB1_uA,x1: x1: x1,(trace:5.146) + (trace:3.753) + (trace:5.146) = 14.045,1.887,37.277,45.785,FB1.uA.dut_inst.count[3].Q,FB1.uB.dut_inst.remainder_reg[0].D,input_A_dec[6]: input_A_pmux: un1_remainder_reg_3[0]
46,22.914,clk1:r,clk1:r,-,FB1_uB: FB1_uA,x1: x1: x1,(trace:4.750) + (trace:3.753) + (trace:5.146) = 13.649,3.385,23.961,45.785,FB1.uA.dut_inst.count[1].Q,FB1.uB.dut_inst.remainder_reg[3].D,count[1]: un1_count_1[1]: un1_remainder_reg_3[3]
47,22.914,clk1:r,clk1:r,-,FB1_uB: FB1_uA,x1: x1: x1,(trace:4.750) + (trace:3.753) + (trace:5.146) = 13.649,3.385,23.957,45.785,FB1.uA.dut_inst.count[1].Q,FB1.uB.dut_inst.remainder_reg[2].D,count[1]: un1_count_1[1]: un1_remainder_reg_3[2]
48,22.914,clk1:r,clk1:r,-,FB1_uB: FB1_uA,x1: x1: x1,(trace:4.750) + (trace:3.753) + (trace:5.146) = 13.649,3.385,24.026,45.785,FB1.uA.dut_inst.count[1].Q,FB1.uB.dut_inst.remainder_reg[5].D,count[1]: un1_count_1[1]: un1_remainder_reg_3[5]
49,22.914,clk1:r,clk1:r,-,FB1_uB: FB1_uA,x1: x1: x1,(trace:4.750) + (trace:3.753) + (trace:5.146) = 13.649,3.385,24.027,45.785,FB1.uA.dut_inst.count[1].Q,FB1.uB.dut_inst.remainder_reg[7].D,count[1]: un1_count_1[1]: un1_remainder_reg_3[7]
50,22.931,clk1:r,clk1:r,-,FB1_uB: FB1_uA,x1: x1: x1,(trace:5.146) + (trace:3.753) + (trace:5.146) = 14.045,1.841,37.277,45.785,FB1.uA.dut_inst.count[3].Q,FB1.uB.dut_inst.remainder_reg[0].D,input_A_dec[7]: input_A_pmux: un1_remainder_reg_3[0]
51,23.021,clk1:r,clk1:r,-,FB1_uB: FB1_uA,x1: x1: x1,(trace:4.750) + (trace:3.753) + (trace:5.039) = 13.542,3.385,23.825,45.785,FB1.uA.dut_inst.count[1].Q,FB1.uB.dut_inst.remainder_reg[1].D,count[1]: un1_count_1[1]: un1_remainder_reg_3[1]
52,23.021,clk1:r,clk1:r,-,FB1_uB: FB1_uA,x1: x1: x1,(trace:4.750) + (trace:3.753) + (trace:5.039) = 13.542,3.385,23.898,45.785,FB1.uA.dut_inst.count[1].Q,FB1.uB.dut_inst.remainder_reg[4].D,count[1]: un1_count_1[1]: un1_remainder_reg_3[4]
53,23.021,clk1:r,clk1:r,-,FB1_uB: FB1_uA,x1: x1: x1,(trace:4.750) + (trace:3.753) + (trace:5.039) = 13.542,3.385,23.915,45.785,FB1.uA.dut_inst.count[1].Q,FB1.uB.dut_inst.remainder_reg[6].D,count[1]: un1_count_1[1]: un1_remainder_reg_3[6]
54,23.029,clk1:r,clk1:r,-,FB1_uB: FB1_uA,x1: x1: x1,(trace:5.146) + (trace:3.753) + (trace:5.146) = 14.045,1.887,37.277,45.785,FB1.uA.dut_inst.count[3].Q,FB1.uB.dut_inst.remainder_reg[0].D,input_A_dec[3]: input_A_pmux: un1_remainder_reg_3[0]
55,23.154,clk1:r,clk1:r,-,FB1_uB: FB1_uA,x1: x1: x1,(trace:5.146) + (trace:3.753) + (trace:5.146) = 14.045,1.887,37.277,45.785,FB1.uA.dut_inst.count[3].Q,FB1.uB.dut_inst.remainder_reg[0].D,input_A_dec[1]: input_A_pmux: un1_remainder_reg_3[0]
56,23.199,clk1:r,clk1:r,-,FB1_uB: FB1_uA,x1: x1: x1,(trace:3.753) + (trace:5.039) + (trace:5.146) = 13.938,4.233,24.027,45.785,FB1.uA.dut_inst.input_B[1].Q,FB1.uB.dut_inst.remainder_reg[7].D,input_B[1]: un1_remainder_reg_1[7]: un1_remainder_reg_3[7]
57,23.200,clk1:r,clk1:r,-,FB1_uB: FB1_uA,x1: x1: x1,(trace:3.753) + (trace:5.039) + (trace:5.146) = 13.938,2.827,24.026,45.785,FB1.uA.dut_inst.input_B[1].Q,FB1.uB.dut_inst.remainder_reg[5].D,input_B[1]: un1_remainder_reg_1[5]: un1_remainder_reg_3[5]
58,23.265,clk1:r,clk1:r,-,FB1_uB: FB1_uA,x1: x1: x1,(trace:3.753) + (trace:5.039) + (trace:5.146) = 13.938,4.167,24.027,45.785,FB1.uA.dut_inst.input_B[4].Q,FB1.uB.dut_inst.remainder_reg[7].D,input_B[4]: un1_remainder_reg_1[7]: un1_remainder_reg_3[7]
59,23.273,clk1:r,clk1:r,-,FB1_uB: FB1_uA,x1: x1: x1,(trace:3.753) + (trace:5.039) + (trace:5.146) = 13.938,2.753,23.961,45.785,FB1.uA.dut_inst.input_B[1].Q,FB1.uB.dut_inst.remainder_reg[3].D,input_B[1]: un1_remainder_reg_1[3]: un1_remainder_reg_3[3]
60,23.278,clk1:r,clk1:r,-,FB1_uB: FB1_uA,x1: x1: x1,(trace:3.753) + (trace:5.039) + (trace:5.146) = 13.938,2.749,23.957,45.785,FB1.uA.dut_inst.input_B[1].Q,FB1.uB.dut_inst.remainder_reg[2].D,input_B[1]: un1_remainder_reg_1[2]: un1_remainder_reg_3[2]
61,23.293,clk1:r,clk1:r,-,FB1_uB: FB1_uA,x1: x1: x1,(trace:3.753) + (trace:5.039) + (trace:5.146) = 13.938,2.734,24.026,45.785,FB1.uA.dut_inst.input_B[4].Q,FB1.uB.dut_inst.remainder_reg[5].D,input_B[4]: un1_remainder_reg_1[5]: un1_remainder_reg_3[5]
62,23.310,clk1:r,clk1:r,-,FB1_uB: FB1_uA,x1: x1: x1,(trace:3.753) + (trace:5.039) + (trace:5.039) = 13.831,2.823,23.915,45.785,FB1.uA.dut_inst.input_B[1].Q,FB1.uB.dut_inst.remainder_reg[6].D,input_B[1]: un1_remainder_reg_1[6]: un1_remainder_reg_3[6]
63,23.317,clk1:r,clk1:r,-,FB1_uB: FB1_uA,x1: x1: x1,(trace:3.753) + (trace:5.039) + (trace:5.146) = 13.938,4.115,24.027,45.785,FB1.uA.dut_inst.input_B[7].Q,FB1.uB.dut_inst.remainder_reg[7].D,input_B[7]: un1_remainder_reg_1[7]: un1_remainder_reg_3[7]
64,23.328,clk1:r,clk1:r,-,FB1_uB: FB1_uA,x1: x1: x1,(trace:3.753) + (trace:5.039) + (trace:5.039) = 13.831,2.805,23.898,45.785,FB1.uA.dut_inst.input_B[1].Q,FB1.uB.dut_inst.remainder_reg[4].D,input_B[1]: un1_remainder_reg_1[4]: un1_remainder_reg_3[4]
65,23.377,clk1:r,clk1:r,-,FB1_uB: FB1_uA,x1: x1: x1,(trace:3.753) + (trace:5.039) + (trace:5.039) = 13.831,2.756,23.915,45.785,FB1.uA.dut_inst.input_B[4].Q,FB1.uB.dut_inst.remainder_reg[6].D,input_B[4]: un1_remainder_reg_1[6]: un1_remainder_reg_3[6]
66,23.406,clk1:r,clk1:r,-,FB1_uB: FB1_uA,x1: x1: x1,(trace:4.750) + (trace:3.753) + (trace:5.146) = 13.649,1.887,37.277,45.785,FB1.uA.dut_inst.count[3].Q,FB1.uB.dut_inst.remainder_reg[0].D,input_A_dec[5]: input_A_pmux: un1_remainder_reg_3[0]
67,23.406,clk1:r,clk1:r,-,FB1_uB: FB1_uA,x1: x1: x1,(trace:4.750) + (trace:3.753) + (trace:5.146) = 13.649,1.887,37.277,45.785,FB1.uA.dut_inst.count[3].Q,FB1.uB.dut_inst.remainder_reg[0].D,input_A_dec[4]: input_A_pmux: un1_remainder_reg_3[0]
68,23.408,clk1:r,clk1:r,-,FB1_uB: FB1_uA,x1: x1: x1,(trace:4.750) + (trace:3.753) + (trace:5.146) = 13.649,1.887,37.277,45.785,FB1.uA.dut_inst.count[3].Q,FB1.uB.dut_inst.remainder_reg[0].D,input_A_dec[2]: input_A_pmux: un1_remainder_reg_3[0]
69,23.408,clk1:r,clk1:r,-,FB1_uB: FB1_uA,x1: x1: x1,(trace:5.146) + (trace:3.753) + (trace:5.146) = 14.045,4.061,37.277,45.785,FB1.uA.dut_inst.input_A[6].Q,FB1.uB.dut_inst.remainder_reg[0].D,input_A[6]: input_A_pmux: un1_remainder_reg_3[0]
70,23.425,clk1:r,clk1:r,-,FB1_uB: FB1_uA,x1: x1: x1,(trace:3.753) + (trace:5.039) + (trace:5.039) = 13.831,2.709,23.898,45.785,FB1.uA.dut_inst.input_B[4].Q,FB1.uB.dut_inst.remainder_reg[4].D,input_B[4]: un1_remainder_reg_1[4]: un1_remainder_reg_3[4]
71,23.425,clk1:r,clk1:r,-,FB1_uB: FB1_uA,x1: x1: x1,(trace:3.753) + (trace:5.039) + (trace:5.039) = 13.831,2.709,23.825,45.785,FB1.uA.dut_inst.input_B[1].Q,FB1.uB.dut_inst.remainder_reg[1].D,input_B[1]: un1_remainder_reg_1[1]: un1_remainder_reg_3[1]
72,23.534,clk1:r,clk1:r,-,FB1_uB: FB1_uA,x1: x1: x1,(trace:5.146) + (trace:3.753) + (trace:5.146) = 14.045,3.935,37.277,45.785,FB1.uA.dut_inst.input_A[3].Q,FB1.uB.dut_inst.remainder_reg[0].D,input_A[3]: input_A_pmux: un1_remainder_reg_3[0]
73,23.541,clk1:r,clk1:r,-,FB1_uB: FB1_uA,x1: x1: x1,(trace:4.750) + (trace:3.753) + (trace:5.146) = 13.649,1.887,37.277,45.785,FB1.uA.dut_inst.count[3].Q,FB1.uB.dut_inst.remainder_reg[0].D,input_A_dec[0]: input_A_pmux: un1_remainder_reg_3[0]
74,23.543,clk1:r,clk1:r,-,FB1_uB: FB1_uA,x1: x1: x1,(trace:5.146) + (trace:3.753) + (trace:5.146) = 14.045,3.926,37.277,45.785,FB1.uA.dut_inst.input_A[5].Q,FB1.uB.dut_inst.remainder_reg[0].D,input_A[5]: input_A_pmux: un1_remainder_reg_3[0]
75,23.546,clk1:r,clk1:r,-,FB1_uB: FB1_uA,x1: x1: x1,(trace:4.750) + (trace:3.753) + (trace:5.039) = 13.542,3.923,22.239,45.785,FB1.uA.dut_inst.count[1].Q,FB1.uB.dut_inst.quotient_reg[0].D,count[1]: un1_count_1[1]: un1_quotient_reg_1[0]
76,23.795,clk1:r,clk1:r,-,FB1_uB: FB1_uA,x1: x1: x1,(trace:4.750) + (trace:3.753) + (trace:5.146) = 13.649,4.070,37.277,45.785,FB1.uA.dut_inst.input_A[7].Q,FB1.uB.dut_inst.remainder_reg[0].D,input_A[7]: input_A_pmux: un1_remainder_reg_3[0]
77,23.904,clk1:r,clk1:r,-,FB1_uB: FB1_uA,x1: x1: x1,(trace:3.753) + (trace:3.753) + (trace:5.146) = 12.652,7.349,37.277,45.785,FB1.uA.dut_inst.count[2].Q,FB1.uB.dut_inst.remainder_reg[0].D,count[2]: un1_count_1[2]: un1_remainder_reg_3[0]
78,23.922,clk1:r,clk1:r,-,FB1_uB: FB1_uA,x1: x1: x1,(trace:4.750) + (trace:3.753) + (trace:5.146) = 13.649,3.943,37.277,45.785,FB1.uA.dut_inst.input_A[4].Q,FB1.uB.dut_inst.remainder_reg[0].D,input_A[4]: input_A_pmux: un1_remainder_reg_3[0]
79,23.923,clk1:r,clk1:r,-,FB1_uB: FB1_uA,x1: x1: x1,(trace:3.753) + (trace:3.753) + (trace:5.146) = 12.652,3.403,23.957,45.785,FB1.uA.dut_inst.count[2].Q,FB1.uB.dut_inst.remainder_reg[2].D,count[2]: un1_count_1[2]: un1_remainder_reg_3[2]
80,23.923,clk1:r,clk1:r,-,FB1_uB: FB1_uA,x1: x1: x1,(trace:3.753) + (trace:3.753) + (trace:5.146) = 12.652,3.403,24.026,45.785,FB1.uA.dut_inst.count[2].Q,FB1.uB.dut_inst.remainder_reg[5].D,count[2]: un1_count_1[2]: un1_remainder_reg_3[5]
81,23.923,clk1:r,clk1:r,-,FB1_uB: FB1_uA,x1: x1: x1,(trace:3.753) + (trace:3.753) + (trace:5.146) = 12.652,3.403,24.027,45.785,FB1.uA.dut_inst.count[2].Q,FB1.uB.dut_inst.remainder_reg[7].D,count[2]: un1_count_1[2]: un1_remainder_reg_3[7]
82,23.923,clk1:r,clk1:r,-,FB1_uB: FB1_uA,x1: x1: x1,(trace:3.753) + (trace:3.753) + (trace:5.146) = 12.652,3.403,23.961,45.785,FB1.uA.dut_inst.count[2].Q,FB1.uB.dut_inst.remainder_reg[3].D,count[2]: un1_count_1[2]: un1_remainder_reg_3[3]
83,24.030,clk1:r,clk1:r,-,FB1_uB: FB1_uA,x1: x1: x1,(trace:3.753) + (trace:3.753) + (trace:5.039) = 12.545,3.403,23.825,45.785,FB1.uA.dut_inst.count[2].Q,FB1.uB.dut_inst.remainder_reg[1].D,count[2]: un1_count_1[2]: un1_remainder_reg_3[1]
84,24.030,clk1:r,clk1:r,-,FB1_uB: FB1_uA,x1: x1: x1,(trace:3.753) + (trace:3.753) + (trace:5.039) = 12.545,3.403,23.898,45.785,FB1.uA.dut_inst.count[2].Q,FB1.uB.dut_inst.remainder_reg[4].D,count[2]: un1_count_1[2]: un1_remainder_reg_3[4]
85,24.030,clk1:r,clk1:r,-,FB1_uB: FB1_uA,x1: x1: x1,(trace:3.753) + (trace:3.753) + (trace:5.039) = 12.545,3.403,23.915,45.785,FB1.uA.dut_inst.count[2].Q,FB1.uB.dut_inst.remainder_reg[6].D,count[2]: un1_count_1[2]: un1_remainder_reg_3[6]
86,24.066,clk1:r,clk1:r,-,FB1_uB: FB1_uA,x1: x1: x1,(trace:4.750) + (trace:3.753) + (trace:5.146) = 13.649,3.799,37.277,45.785,FB1.uA.dut_inst.input_A[1].Q,FB1.uB.dut_inst.remainder_reg[0].D,input_A[1]: input_A_pmux: un1_remainder_reg_3[0]
87,24.405,clk1:r,clk1:r,-,FB1_uB: FB1_uA,x1: x1: x1,(trace:3.753) + (trace:3.753) + (trace:5.146) = 12.652,6.848,37.277,45.785,FB1.uA.dut_inst.count[3].Q,FB1.uB.dut_inst.remainder_reg[0].D,count[3]: un1_count_1[3]: un1_remainder_reg_3[0]
88,24.414,clk1:r,clk1:r,-,FB1_uB: FB1_uA,x1: x1: x1,(trace:3.753) + (trace:3.753) + (trace:5.146) = 12.652,2.935,23.957,45.785,FB1.uA.dut_inst.count[3].Q,FB1.uB.dut_inst.remainder_reg[2].D,count[3]: un1_count_1[3]: un1_remainder_reg_3[2]
89,24.414,clk1:r,clk1:r,-,FB1_uB: FB1_uA,x1: x1: x1,(trace:3.753) + (trace:3.753) + (trace:5.146) = 12.652,2.935,24.026,45.785,FB1.uA.dut_inst.count[3].Q,FB1.uB.dut_inst.remainder_reg[5].D,count[3]: un1_count_1[3]: un1_remainder_reg_3[5]
90,24.414,clk1:r,clk1:r,-,FB1_uB: FB1_uA,x1: x1: x1,(trace:3.753) + (trace:3.753) + (trace:5.146) = 12.652,2.935,23.961,45.785,FB1.uA.dut_inst.count[3].Q,FB1.uB.dut_inst.remainder_reg[3].D,count[3]: un1_count_1[3]: un1_remainder_reg_3[3]
91,24.414,clk1:r,clk1:r,-,FB1_uB: FB1_uA,x1: x1: x1,(trace:3.753) + (trace:3.753) + (trace:5.146) = 12.652,2.935,24.027,45.785,FB1.uA.dut_inst.count[3].Q,FB1.uB.dut_inst.remainder_reg[7].D,count[3]: un1_count_1[3]: un1_remainder_reg_3[7]
92,24.521,clk1:r,clk1:r,-,FB1_uB: FB1_uA,x1: x1: x1,(trace:3.753) + (trace:3.753) + (trace:5.039) = 12.545,2.935,23.825,45.785,FB1.uA.dut_inst.count[3].Q,FB1.uB.dut_inst.remainder_reg[1].D,count[3]: un1_count_1[3]: un1_remainder_reg_3[1]
93,24.521,clk1:r,clk1:r,-,FB1_uB: FB1_uA,x1: x1: x1,(trace:3.753) + (trace:3.753) + (trace:5.039) = 12.545,2.935,23.915,45.785,FB1.uA.dut_inst.count[3].Q,FB1.uB.dut_inst.remainder_reg[6].D,count[3]: un1_count_1[3]: un1_remainder_reg_3[6]
94,24.521,clk1:r,clk1:r,-,FB1_uB: FB1_uA,x1: x1: x1,(trace:3.753) + (trace:3.753) + (trace:5.039) = 12.545,2.935,23.898,45.785,FB1.uA.dut_inst.count[3].Q,FB1.uB.dut_inst.remainder_reg[4].D,count[3]: un1_count_1[3]: un1_remainder_reg_3[4]
95,24.555,clk1:r,clk1:r,-,FB1_uB: FB1_uA,x1: x1: x1,(trace:3.753) + (trace:3.753) + (trace:5.039) = 12.545,2.878,22.239,45.785,FB1.uA.dut_inst.count[2].Q,FB1.uB.dut_inst.quotient_reg[0].D,count[2]: un1_count_1[2]: un1_quotient_reg_1[0]
96,24.578,clk1:r,clk1:r,-,FB1_uB: FB1_uA,x1: x1: x1,(trace:4.750) + (trace:3.753) + (trace:3.753) = 12.256,4.195,21.225,45.803,FB1.uA.dut_inst.count[1].Q,FB1.uB.dut_inst.quotient[0].D,count[1]: un1_count_1[1]: un1_in_valid_6
97,24.918,clk1:r,clk1:r,-,FB1_uB: FB1_uA,x1: x1: x1,(trace:3.753) + (trace:3.753) + (trace:5.146) = 12.652,3.944,37.277,45.785,FB1.uA.dut_inst.input_A[2].Q,FB1.uB.dut_inst.remainder_reg[0].D,input_A[2]: input_A_pmux: un1_remainder_reg_3[0]
98,25.047,clk1:r,clk1:r,-,FB1_uB: FB1_uA,x1: x1: x1,(trace:3.753) + (trace:3.753) + (trace:5.146) = 12.652,3.815,37.277,45.785,FB1.uA.dut_inst.input_A[0].Q,FB1.uB.dut_inst.remainder_reg[0].D,input_A[0]: input_A_pmux: un1_remainder_reg_3[0]
99,25.587,clk1:r,clk1:r,-,FB1_uB: FB1_uA,x1: x1: x1,(trace:3.753) + (trace:3.753) + (trace:3.753) = 11.259,2.878,21.225,45.803,FB1.uA.dut_inst.count[2].Q,FB1.uB.dut_inst.quotient[0].D,count[2]: un1_count_1[2]: un1_in_valid_6
100,27.016,System:r,clk1:r,-,FB1_uA,x1: x1,(trace:5.146) + (trace:5.146) = 10.292,3.311,18.073,45.089,in_valid.in_valid,FB1.uB.dut_inst.quotient_reg[3].D,in_valid_aptn_ft: un1_quotient_reg_1[3]
101,27.016,System:r,clk1:r,-,FB1_uA,x1: x1,(trace:5.146) + (trace:5.146) = 10.292,3.311,18.073,45.089,in_valid.in_valid,FB1.uB.dut_inst.quotient_reg[6].D,in_valid_aptn_ft: un1_quotient_reg_1[6]
102,27.016,System:r,clk1:r,-,FB1_uA,x1: x1,(trace:5.146) + (trace:5.146) = 10.292,3.311,18.073,45.089,in_valid.in_valid,FB1.uB.dut_inst.quotient_reg[1].D,in_valid_aptn_ft: un1_quotient_reg_1[1]
103,27.016,System:r,clk1:r,-,FB1_uA,x1: x1,(trace:5.146) + (trace:5.146) = 10.292,3.311,18.073,45.089,in_valid.in_valid,FB1.uB.dut_inst.quotient_reg[4].D,in_valid_aptn_ft: un1_quotient_reg_1[4]
104,27.016,System:r,clk1:r,-,FB1_uA,x1: x1,(trace:5.146) + (trace:5.146) = 10.292,3.311,18.073,45.089,in_valid.in_valid,FB1.uB.dut_inst.quotient_reg[7].D,in_valid_aptn_ft: un1_quotient_reg_1[7]
105,27.108,System:r,clk1:r,-,FB1_uA,x1: x1,(trace:5.146) + (trace:5.146) = 10.292,3.219,17.981,45.089,in_valid.in_valid,FB1.uB.dut_inst.remainder_reg[0].D,in_valid_aptn_ft: un1_remainder_reg_3[0]
106,27.123,System:r,clk1:r,-,FB1_uA,x1: x1,(trace:5.146) + (trace:5.039) = 10.185,3.311,17.966,45.089,in_valid.in_valid,FB1.uB.dut_inst.quotient_reg[0].D,in_valid_aptn_ft: un1_quotient_reg_1[0]
107,27.123,System:r,clk1:r,-,FB1_uA,x1: x1,(trace:5.146) + (trace:5.039) = 10.185,3.311,17.966,45.089,in_valid.in_valid,FB1.uB.dut_inst.quotient_reg[2].D,in_valid_aptn_ft: un1_quotient_reg_1[2]
108,27.123,System:r,clk1:r,-,FB1_uA,x1: x1,(trace:5.146) + (trace:5.039) = 10.185,3.311,17.966,45.089,in_valid.in_valid,FB1.uB.dut_inst.quotient_reg[5].D,in_valid_aptn_ft: un1_quotient_reg_1[5]
109,27.127,System:r,clk1:r,-,FB1_uA,x1: x1,(trace:5.146) + (trace:5.146) = 10.292,3.199,17.962,45.089,in_valid.in_valid,FB1.uB.dut_inst.remainder_reg[5].D,in_valid_aptn_ft: un1_remainder_reg_3[5]
110,27.127,System:r,clk1:r,-,FB1_uA,x1: x1,(trace:5.146) + (trace:5.146) = 10.292,3.199,17.962,45.089,in_valid.in_valid,FB1.uB.dut_inst.remainder_reg[2].D,in_valid_aptn_ft: un1_remainder_reg_3[2]
111,27.127,System:r,clk1:r,-,FB1_uA,x1: x1,(trace:5.146) + (trace:5.146) = 10.292,3.199,17.962,45.089,in_valid.in_valid,FB1.uB.dut_inst.remainder_reg[7].D,in_valid_aptn_ft: un1_remainder_reg_3[7]
112,27.127,System:r,clk1:r,-,FB1_uA,x1: x1,(trace:5.146) + (trace:5.146) = 10.292,3.199,17.962,45.089,in_valid.in_valid,FB1.uB.dut_inst.remainder_reg[3].D,in_valid_aptn_ft: un1_remainder_reg_3[3]
113,27.234,System:r,clk1:r,-,FB1_uA,x1: x1,(trace:5.146) + (trace:5.039) = 10.185,3.199,17.855,45.089,in_valid.in_valid,FB1.uB.dut_inst.remainder_reg[6].D,in_valid_aptn_ft: un1_remainder_reg_3[6]
114,27.234,System:r,clk1:r,-,FB1_uA,x1: x1,(trace:5.146) + (trace:5.039) = 10.185,3.199,17.855,45.089,in_valid.in_valid,FB1.uB.dut_inst.remainder_reg[4].D,in_valid_aptn_ft: un1_remainder_reg_3[4]
115,27.234,System:r,clk1:r,-,FB1_uA,x1: x1,(trace:5.146) + (trace:5.039) = 10.185,3.199,17.855,45.089,in_valid.in_valid,FB1.uB.dut_inst.remainder_reg[1].D,in_valid_aptn_ft: un1_remainder_reg_3[1]
116,27.700,System:r,clk1:r,-,FB1_uA,x1: x1,(trace:5.146) + (trace:5.146) = 10.292,4.404,18.103,45.803,in_valid.in_valid,FB1.uB.dut_inst.quotient[0].D,in_valid_aptn_ft: un1_quotient_reg[0]
117,27.700,System:r,clk1:r,-,FB1_uA,x1: x1,(trace:5.146) + (trace:5.146) = 10.292,4.404,18.103,45.803,in_valid.in_valid,FB1.uB.dut_inst.remainder[4].D,in_valid_aptn_ft: un1_remainder_reg_2[4]
118,27.700,System:r,clk1:r,-,FB1_uA,x1: x1,(trace:5.146) + (trace:5.146) = 10.292,4.404,18.103,45.803,in_valid.in_valid,FB1.uB.dut_inst.quotient[6].D,in_valid_aptn_ft: un1_quotient_reg[6]
119,27.700,System:r,clk1:r,-,FB1_uA,x1: x1,(trace:5.146) + (trace:5.146) = 10.292,4.404,18.103,45.803,in_valid.in_valid,FB1.uB.dut_inst.quotient[1].D,in_valid_aptn_ft: un1_quotient_reg[1]
120,27.700,System:r,clk1:r,-,FB1_uA,x1: x1,(trace:5.146) + (trace:5.146) = 10.292,4.404,18.103,45.803,in_valid.in_valid,FB1.uB.dut_inst.remainder[5].D,in_valid_aptn_ft: un1_remainder_reg_2[5]
121,27.700,System:r,clk1:r,-,FB1_uA,x1: x1,(trace:5.146) + (trace:5.146) = 10.292,4.404,18.103,45.803,in_valid.in_valid,FB1.uB.dut_inst.quotient[4].D,in_valid_aptn_ft: un1_quotient_reg[4]
122,27.700,System:r,clk1:r,-,FB1_uA,x1: x1,(trace:5.146) + (trace:5.146) = 10.292,4.404,18.103,45.803,in_valid.in_valid,FB1.uB.dut_inst.remainder[0].D,in_valid_aptn_ft: un1_remainder_reg_2[0]
123,27.700,System:r,clk1:r,-,FB1_uA,x1: x1,(trace:5.146) + (trace:5.146) = 10.292,4.404,18.103,45.803,in_valid.in_valid,FB1.uB.dut_inst.quotient[3].D,in_valid_aptn_ft: un1_quotient_reg[3]
124,27.718,System:r,clk1:r,-,FB1_uA,x1: x1,(trace:5.146) + (trace:5.146) = 10.292,1.395,18.085,45.803,in_valid.in_valid,FB1.uB.dut_inst.quotient[0].D,in_valid_aptn_ft: un1_in_valid_2
125,27.788,System:r,clk1:r,-,FB1_uA,x1: x1,(trace:5.146) + (trace:5.039) = 10.185,4.422,18.014,45.803,in_valid.in_valid,FB1.uB.dut_inst.remainder[3].D,in_valid_aptn_ft: un1_remainder_reg_2[3]
126,27.788,System:r,clk1:r,-,FB1_uA,x1: x1,(trace:5.146) + (trace:5.039) = 10.185,4.422,18.014,45.803,in_valid.in_valid,FB1.uB.dut_inst.remainder[1].D,in_valid_aptn_ft: un1_remainder_reg_2[1]
127,27.788,System:r,clk1:r,-,FB1_uA,x1: x1,(trace:5.146) + (trace:5.039) = 10.185,4.422,18.014,45.803,in_valid.in_valid,FB1.uB.dut_inst.remainder[6].D,in_valid_aptn_ft: un1_remainder_reg_2[6]
128,27.788,System:r,clk1:r,-,FB1_uA,x1: x1,(trace:5.146) + (trace:5.039) = 10.185,4.422,18.014,45.803,in_valid.in_valid,FB1.uB.dut_inst.remainder[7].D,in_valid_aptn_ft: un1_remainder_reg_2[7]
129,27.788,System:r,clk1:r,-,FB1_uA,x1: x1,(trace:5.146) + (trace:5.039) = 10.185,4.422,18.014,45.803,in_valid.in_valid,FB1.uB.dut_inst.remainder[2].D,in_valid_aptn_ft: un1_remainder_reg_2[2]
130,28.744,clk1:r,clk1:r,-,FB1_uA,x1: x1,(trace:4.750) + (trace:5.146) = 9.896,5.265,37.277,45.785,FB1.uB.dut_inst.remainder_reg[0].Q,FB1.uB.dut_inst.remainder_reg[0].D,remainder_reg[0]: un1_remainder_reg_3[0]
131,28.762,clk1:r,clk1:r,-,FB1_uA,x1: x1,(trace:4.750) + (trace:5.146) = 9.896,3.842,23.961,45.785,FB1.uB.dut_inst.remainder_reg[0].Q,FB1.uB.dut_inst.remainder_reg[3].D,remainder_reg[0]: un1_remainder_reg_3[3]
132,28.762,clk1:r,clk1:r,-,FB1_uA,x1: x1,(trace:4.750) + (trace:5.146) = 9.896,3.842,24.026,45.785,FB1.uB.dut_inst.remainder_reg[0].Q,FB1.uB.dut_inst.remainder_reg[5].D,remainder_reg[0]: un1_remainder_reg_3[5]
133,28.762,clk1:r,clk1:r,-,FB1_uA,x1: x1,(trace:4.750) + (trace:5.146) = 9.896,3.842,23.957,45.785,FB1.uB.dut_inst.remainder_reg[0].Q,FB1.uB.dut_inst.remainder_reg[2].D,remainder_reg[0]: un1_remainder_reg_3[2]
134,28.762,clk1:r,clk1:r,-,FB1_uA,x1: x1,(trace:4.750) + (trace:5.146) = 9.896,3.842,24.027,45.785,FB1.uB.dut_inst.remainder_reg[0].Q,FB1.uB.dut_inst.remainder_reg[7].D,remainder_reg[0]: un1_remainder_reg_3[7]
135,28.779,clk1:r,clk1:r,-,FB1_uA,x1: x1,(trace:4.750) + (trace:5.146) = 9.896,3.825,23.610,45.785,FB1.uB.dut_inst.remainder_reg[0].Q,FB1.uB.dut_inst.quotient_reg[7].D,remainder_reg[0]: un1_quotient_reg_1[7]
136,28.779,clk1:r,clk1:r,-,FB1_uA,x1: x1,(trace:4.750) + (trace:5.146) = 9.896,3.825,23.610,45.785,FB1.uB.dut_inst.remainder_reg[0].Q,FB1.uB.dut_inst.quotient_reg[4].D,remainder_reg[0]: un1_quotient_reg_1[4]
137,28.779,clk1:r,clk1:r,-,FB1_uA,x1: x1,(trace:4.750) + (trace:5.146) = 9.896,3.825,23.610,45.785,FB1.uB.dut_inst.remainder_reg[0].Q,FB1.uB.dut_inst.quotient_reg[6].D,remainder_reg[0]: un1_quotient_reg_1[6]
138,28.779,clk1:r,clk1:r,-,FB1_uA,x1: x1,(trace:4.750) + (trace:5.146) = 9.896,3.825,23.610,45.785,FB1.uB.dut_inst.remainder_reg[0].Q,FB1.uB.dut_inst.quotient_reg[3].D,remainder_reg[0]: un1_quotient_reg_1[3]
139,28.779,clk1:r,clk1:r,-,FB1_uA,x1: x1,(trace:4.750) + (trace:5.146) = 9.896,3.825,23.610,45.785,FB1.uB.dut_inst.remainder_reg[0].Q,FB1.uB.dut_inst.quotient_reg[1].D,remainder_reg[0]: un1_quotient_reg_1[1]
140,28.832,clk1:r,clk1:r,-,FB1_uB,x1: x1,(trace:5.146) + (trace:5.039) = 10.185,2.220,16.971,45.803,FB1.uA.dut_inst.c_state[1].Q,FB1.uA.dut_inst.count[1].D,un1_in_valid_2: un1_count_8[1]
141,28.832,clk1:r,clk1:r,-,FB1_uB,x1: x1,(trace:5.146) + (trace:5.039) = 10.185,0.000,16.971,45.803,FB1.uA.dut_inst.c_state[1].Q,FB1.uA.dut_inst.count[2].D,un1_in_valid_2: un1_count_8[2]
142,28.832,clk1:r,clk1:r,-,FB1_uB,x1: x1,(trace:5.146) + (trace:5.039) = 10.185,0.000,16.971,45.803,FB1.uA.dut_inst.c_state[1].Q,FB1.uA.dut_inst.count[3].D,un1_in_valid_2: un1_count_8[3]
143,28.832,clk1:r,clk1:r,-,FB1_uB,x1: x1,(trace:5.146) + (trace:5.039) = 10.185,0.000,16.971,45.803,FB1.uA.dut_inst.c_state[1].Q,FB1.uA.dut_inst.count[0].D,un1_in_valid_2: un1_count_8[0]
144,28.869,clk1:r,clk1:r,-,FB1_uA,x1: x1,(trace:4.750) + (trace:5.039) = 9.789,3.842,23.825,45.785,FB1.uB.dut_inst.remainder_reg[0].Q,FB1.uB.dut_inst.remainder_reg[1].D,remainder_reg[0]: un1_remainder_reg_3[1]
145,28.869,clk1:r,clk1:r,-,FB1_uA,x1: x1,(trace:4.750) + (trace:5.039) = 9.789,3.842,23.915,45.785,FB1.uB.dut_inst.remainder_reg[0].Q,FB1.uB.dut_inst.remainder_reg[6].D,remainder_reg[0]: un1_remainder_reg_3[6]
146,28.869,clk1:r,clk1:r,-,FB1_uA,x1: x1,(trace:4.750) + (trace:5.039) = 9.789,3.842,23.898,45.785,FB1.uB.dut_inst.remainder_reg[0].Q,FB1.uB.dut_inst.remainder_reg[4].D,remainder_reg[0]: un1_remainder_reg_3[4]
147,28.886,clk1:r,clk1:r,-,FB1_uA,x1: x1,(trace:4.750) + (trace:5.039) = 9.789,3.825,23.503,45.785,FB1.uB.dut_inst.remainder_reg[0].Q,FB1.uB.dut_inst.quotient_reg[5].D,remainder_reg[0]: un1_quotient_reg_1[5]
148,28.886,clk1:r,clk1:r,-,FB1_uA,x1: x1,(trace:4.750) + (trace:5.039) = 9.789,3.825,22.239,45.785,FB1.uB.dut_inst.remainder_reg[0].Q,FB1.uB.dut_inst.quotient_reg[0].D,remainder_reg[0]: un1_quotient_reg_1[0]
149,28.886,clk1:r,clk1:r,-,FB1_uA,x1: x1,(trace:4.750) + (trace:5.039) = 9.789,3.825,23.503,45.785,FB1.uB.dut_inst.remainder_reg[0].Q,FB1.uB.dut_inst.quotient_reg[2].D,remainder_reg[0]: un1_quotient_reg_1[2]
150,29.021,clk1:r,clk1:r,-,FB1_uA,x1: x1,(trace:5.039) + (trace:5.146) = 10.185,2.164,24.027,45.785,FB1.uB.dut_inst.remainder_reg[0].Q,FB1.uB.dut_inst.remainder_reg[7].D,un1_remainder_reg_1[7]: un1_remainder_reg_3[7]
151,29.021,clk1:r,clk1:r,-,FB1_uA,x1: x1,(trace:5.039) + (trace:5.146) = 10.185,2.163,24.026,45.785,FB1.uB.dut_inst.remainder_reg[0].Q,FB1.uB.dut_inst.remainder_reg[5].D,un1_remainder_reg_1[5]: un1_remainder_reg_3[5]
152,29.074,System:r,clk1:r,-,FB1_uA,x1: x1,(trace:5.146) + (trace:3.753) = 8.899,4.422,16.728,45.803,in_valid.in_valid,FB1.uB.dut_inst.quotient[2].D,in_valid_aptn_ft: un1_quotient_reg[2]
153,29.074,System:r,clk1:r,-,FB1_uA,x1: x1,(trace:5.146) + (trace:3.753) = 8.899,4.422,16.728,45.803,in_valid.in_valid,FB1.uB.dut_inst.quotient[5].D,in_valid_aptn_ft: un1_quotient_reg[5]
154,29.074,System:r,clk1:r,-,FB1_uA,x1: x1,(trace:5.146) + (trace:3.753) = 8.899,4.422,16.728,45.803,in_valid.in_valid,FB1.uB.dut_inst.quotient[7].D,in_valid_aptn_ft: un1_quotient_reg[7]
155,29.087,clk1:r,clk1:r,-,FB1_uA,x1: x1,(trace:5.039) + (trace:5.146) = 10.185,2.098,23.961,45.785,FB1.uB.dut_inst.remainder_reg[0].Q,FB1.uB.dut_inst.remainder_reg[3].D,un1_remainder_reg_1[3]: un1_remainder_reg_3[3]
156,29.091,clk1:r,clk1:r,-,FB1_uA,x1: x1,(trace:5.039) + (trace:5.146) = 10.185,2.094,23.957,45.785,FB1.uB.dut_inst.remainder_reg[0].Q,FB1.uB.dut_inst.remainder_reg[2].D,un1_remainder_reg_1[2]: un1_remainder_reg_3[2]
157,29.133,clk1:r,clk1:r,-,FB1_uA,x1: x1,(trace:5.039) + (trace:5.039) = 10.078,2.159,23.915,45.785,FB1.uB.dut_inst.remainder_reg[0].Q,FB1.uB.dut_inst.remainder_reg[6].D,un1_remainder_reg_1[6]: un1_remainder_reg_3[6]
158,29.150,clk1:r,clk1:r,-,FB1_uA,x1: x1,(trace:5.039) + (trace:5.039) = 10.078,2.142,23.898,45.785,FB1.uB.dut_inst.remainder_reg[0].Q,FB1.uB.dut_inst.remainder_reg[4].D,un1_remainder_reg_1[4]: un1_remainder_reg_3[4]
159,29.223,clk1:r,clk1:r,-,FB1_uA,x1: x1,(trace:5.039) + (trace:5.039) = 10.078,2.069,23.825,45.785,FB1.uB.dut_inst.remainder_reg[0].Q,FB1.uB.dut_inst.remainder_reg[1].D,un1_remainder_reg_1[1]: un1_remainder_reg_3[1]
160,29.442,clk1:r,clk1:r,-,FB1_uA,x1: x1,(trace:5.039) + (trace:5.146) = 10.185,1.725,37.277,45.785,FB1.uB.dut_inst.remainder_reg[0].Q,FB1.uB.dut_inst.remainder_reg[0].D,un1_remainder_reg_1[0]: un1_remainder_reg_3[0]
161,29.774,clk1:r,clk1:r,-,FB1_uA,x1: x1,(trace:3.753) + (trace:5.146) = 8.899,5.232,37.277,45.785,FB1.uB.dut_inst.remainder_reg[1].Q,FB1.uB.dut_inst.remainder_reg[0].D,remainder_reg[1]: un1_remainder_reg_3[0]
162,29.791,clk1:r,clk1:r,-,FB1_uA,x1: x1,(trace:3.753) + (trace:5.146) = 8.899,3.840,23.961,45.785,FB1.uB.dut_inst.remainder_reg[1].Q,FB1.uB.dut_inst.remainder_reg[3].D,remainder_reg[1]: un1_remainder_reg_3[3]
163,29.791,clk1:r,clk1:r,-,FB1_uA,x1: x1,(trace:3.753) + (trace:5.146) = 8.899,3.840,24.027,45.785,FB1.uB.dut_inst.remainder_reg[1].Q,FB1.uB.dut_inst.remainder_reg[7].D,remainder_reg[1]: un1_remainder_reg_3[7]
164,29.791,clk1:r,clk1:r,-,FB1_uA,x1: x1,(trace:3.753) + (trace:5.146) = 8.899,3.840,23.957,45.785,FB1.uB.dut_inst.remainder_reg[1].Q,FB1.uB.dut_inst.remainder_reg[2].D,remainder_reg[1]: un1_remainder_reg_3[2]
165,29.791,clk1:r,clk1:r,-,FB1_uA,x1: x1,(trace:3.753) + (trace:5.146) = 8.899,3.840,24.026,45.785,FB1.uB.dut_inst.remainder_reg[1].Q,FB1.uB.dut_inst.remainder_reg[5].D,remainder_reg[1]: un1_remainder_reg_3[5]
166,29.793,clk1:r,clk1:r,-,FB1_uA,x1: x1,(trace:3.753) + (trace:5.146) = 8.899,5.213,37.277,45.785,FB1.uB.dut_inst.remainder_reg[3].Q,FB1.uB.dut_inst.remainder_reg[0].D,remainder_reg[3]: un1_remainder_reg_3[0]
167,29.793,clk1:r,clk1:r,-,FB1_uA,x1: x1,(trace:3.753) + (trace:5.146) = 8.899,5.213,37.277,45.785,FB1.uB.dut_inst.remainder_reg[2].Q,FB1.uB.dut_inst.remainder_reg[0].D,remainder_reg[2]: un1_remainder_reg_3[0]
168,29.793,clk1:r,clk1:r,-,FB1_uA,x1: x1,(trace:3.753) + (trace:5.146) = 8.899,5.213,37.277,45.785,FB1.uB.dut_inst.remainder_reg[5].Q,FB1.uB.dut_inst.remainder_reg[0].D,remainder_reg[5]: un1_remainder_reg_3[0]
169,29.795,clk1:r,clk1:r,-,FB1_uA,x1: x1,(trace:3.753) + (trace:5.146) = 8.899,5.212,37.277,45.785,FB1.uB.dut_inst.remainder_reg[4].Q,FB1.uB.dut_inst.remainder_reg[0].D,remainder_reg[4]: un1_remainder_reg_3[0]
170,29.809,clk1:r,clk1:r,-,FB1_uA,x1: x1,(trace:3.753) + (trace:5.146) = 8.899,3.822,23.610,45.785,FB1.uB.dut_inst.remainder_reg[1].Q,FB1.uB.dut_inst.quotient_reg[3].D,remainder_reg[1]: un1_quotient_reg_1[3]
171,29.809,clk1:r,clk1:r,-,FB1_uA,x1: x1,(trace:3.753) + (trace:5.146) = 8.899,3.822,23.610,45.785,FB1.uB.dut_inst.remainder_reg[1].Q,FB1.uB.dut_inst.quotient_reg[4].D,remainder_reg[1]: un1_quotient_reg_1[4]
172,29.809,clk1:r,clk1:r,-,FB1_uA,x1: x1,(trace:3.753) + (trace:5.146) = 8.899,3.822,23.610,45.785,FB1.uB.dut_inst.remainder_reg[1].Q,FB1.uB.dut_inst.quotient_reg[6].D,remainder_reg[1]: un1_quotient_reg_1[6]
173,29.809,clk1:r,clk1:r,-,FB1_uA,x1: x1,(trace:3.753) + (trace:5.146) = 8.899,3.822,23.610,45.785,FB1.uB.dut_inst.remainder_reg[1].Q,FB1.uB.dut_inst.quotient_reg[1].D,remainder_reg[1]: un1_quotient_reg_1[1]
174,29.809,clk1:r,clk1:r,-,FB1_uA,x1: x1,(trace:3.753) + (trace:5.146) = 8.899,3.822,23.610,45.785,FB1.uB.dut_inst.remainder_reg[1].Q,FB1.uB.dut_inst.quotient_reg[7].D,remainder_reg[1]: un1_quotient_reg_1[7]
175,29.810,clk1:r,clk1:r,-,FB1_uA,x1: x1,(trace:3.753) + (trace:5.146) = 8.899,3.821,23.961,45.785,FB1.uB.dut_inst.remainder_reg[2].Q,FB1.uB.dut_inst.remainder_reg[3].D,remainder_reg[2]: un1_remainder_reg_3[3]
176,29.810,clk1:r,clk1:r,-,FB1_uA,x1: x1,(trace:3.753) + (trace:5.146) = 8.899,3.821,24.027,45.785,FB1.uB.dut_inst.remainder_reg[3].Q,FB1.uB.dut_inst.remainder_reg[7].D,remainder_reg[3]: un1_remainder_reg_3[7]
177,29.810,clk1:r,clk1:r,-,FB1_uA,x1: x1,(trace:3.753) + (trace:5.146) = 8.899,3.821,24.027,45.785,FB1.uB.dut_inst.remainder_reg[5].Q,FB1.uB.dut_inst.remainder_reg[7].D,remainder_reg[5]: un1_remainder_reg_3[7]
178,29.810,clk1:r,clk1:r,-,FB1_uA,x1: x1,(trace:3.753) + (trace:5.146) = 8.899,3.821,24.026,45.785,FB1.uB.dut_inst.remainder_reg[2].Q,FB1.uB.dut_inst.remainder_reg[5].D,remainder_reg[2]: un1_remainder_reg_3[5]
179,29.810,clk1:r,clk1:r,-,FB1_uA,x1: x1,(trace:3.753) + (trace:5.146) = 8.899,3.821,23.961,45.785,FB1.uB.dut_inst.remainder_reg[5].Q,FB1.uB.dut_inst.remainder_reg[3].D,remainder_reg[5]: un1_remainder_reg_3[3]
180,29.810,clk1:r,clk1:r,-,FB1_uA,x1: x1,(trace:3.753) + (trace:5.146) = 8.899,3.821,24.026,45.785,FB1.uB.dut_inst.remainder_reg[5].Q,FB1.uB.dut_inst.remainder_reg[5].D,remainder_reg[5]: un1_remainder_reg_3[5]
181,29.810,clk1:r,clk1:r,-,FB1_uA,x1: x1,(trace:3.753) + (trace:5.146) = 8.899,3.821,23.961,45.785,FB1.uB.dut_inst.remainder_reg[3].Q,FB1.uB.dut_inst.remainder_reg[3].D,remainder_reg[3]: un1_remainder_reg_3[3]
182,29.810,clk1:r,clk1:r,-,FB1_uA,x1: x1,(trace:3.753) + (trace:5.146) = 8.899,3.821,23.957,45.785,FB1.uB.dut_inst.remainder_reg[3].Q,FB1.uB.dut_inst.remainder_reg[2].D,remainder_reg[3]: un1_remainder_reg_3[2]
183,29.810,clk1:r,clk1:r,-,FB1_uA,x1: x1,(trace:3.753) + (trace:5.146) = 8.899,3.821,24.026,45.785,FB1.uB.dut_inst.remainder_reg[3].Q,FB1.uB.dut_inst.remainder_reg[5].D,remainder_reg[3]: un1_remainder_reg_3[5]
184,29.810,clk1:r,clk1:r,-,FB1_uA,x1: x1,(trace:3.753) + (trace:5.146) = 8.899,3.821,23.957,45.785,FB1.uB.dut_inst.remainder_reg[2].Q,FB1.uB.dut_inst.remainder_reg[2].D,remainder_reg[2]: un1_remainder_reg_3[2]
185,29.810,clk1:r,clk1:r,-,FB1_uA,x1: x1,(trace:3.753) + (trace:5.146) = 8.899,3.821,23.957,45.785,FB1.uB.dut_inst.remainder_reg[5].Q,FB1.uB.dut_inst.remainder_reg[2].D,remainder_reg[5]: un1_remainder_reg_3[2]
186,29.810,clk1:r,clk1:r,-,FB1_uA,x1: x1,(trace:3.753) + (trace:5.146) = 8.899,3.821,24.027,45.785,FB1.uB.dut_inst.remainder_reg[2].Q,FB1.uB.dut_inst.remainder_reg[7].D,remainder_reg[2]: un1_remainder_reg_3[7]
187,29.812,clk1:r,clk1:r,-,FB1_uA,x1: x1,(trace:3.753) + (trace:5.146) = 8.899,3.820,23.961,45.785,FB1.uB.dut_inst.remainder_reg[4].Q,FB1.uB.dut_inst.remainder_reg[3].D,remainder_reg[4]: un1_remainder_reg_3[3]
188,29.812,clk1:r,clk1:r,-,FB1_uA,x1: x1,(trace:3.753) + (trace:5.146) = 8.899,3.820,23.957,45.785,FB1.uB.dut_inst.remainder_reg[4].Q,FB1.uB.dut_inst.remainder_reg[2].D,remainder_reg[4]: un1_remainder_reg_3[2]
189,29.812,clk1:r,clk1:r,-,FB1_uA,x1: x1,(trace:3.753) + (trace:5.146) = 8.899,3.820,24.027,45.785,FB1.uB.dut_inst.remainder_reg[4].Q,FB1.uB.dut_inst.remainder_reg[7].D,remainder_reg[4]: un1_remainder_reg_3[7]
190,29.812,clk1:r,clk1:r,-,FB1_uA,x1: x1,(trace:3.753) + (trace:5.146) = 8.899,3.820,24.026,45.785,FB1.uB.dut_inst.remainder_reg[4].Q,FB1.uB.dut_inst.remainder_reg[5].D,remainder_reg[4]: un1_remainder_reg_3[5]
191,29.820,clk1:r,clk1:r,-,FB1_uA,x1: x1,(trace:3.753) + (trace:5.146) = 8.899,5.186,37.277,45.785,FB1.uB.dut_inst.remainder_reg[6].Q,FB1.uB.dut_inst.remainder_reg[0].D,remainder_reg[6]: un1_remainder_reg_3[0]
192,29.828,clk1:r,clk1:r,-,FB1_uA,x1: x1,(trace:3.753) + (trace:5.146) = 8.899,3.803,23.610,45.785,FB1.uB.dut_inst.remainder_reg[5].Q,FB1.uB.dut_inst.quotient_reg[3].D,remainder_reg[5]: un1_quotient_reg_1[3]
193,29.828,clk1:r,clk1:r,-,FB1_uA,x1: x1,(trace:3.753) + (trace:5.146) = 8.899,3.803,23.610,45.785,FB1.uB.dut_inst.remainder_reg[5].Q,FB1.uB.dut_inst.quotient_reg[6].D,remainder_reg[5]: un1_quotient_reg_1[6]
194,29.828,clk1:r,clk1:r,-,FB1_uA,x1: x1,(trace:3.753) + (trace:5.146) = 8.899,3.803,23.610,45.785,FB1.uB.dut_inst.remainder_reg[3].Q,FB1.uB.dut_inst.quotient_reg[3].D,remainder_reg[3]: un1_quotient_reg_1[3]
195,29.828,clk1:r,clk1:r,-,FB1_uA,x1: x1,(trace:3.753) + (trace:5.146) = 8.899,3.803,23.610,45.785,FB1.uB.dut_inst.remainder_reg[2].Q,FB1.uB.dut_inst.quotient_reg[1].D,remainder_reg[2]: un1_quotient_reg_1[1]
196,29.828,clk1:r,clk1:r,-,FB1_uA,x1: x1,(trace:3.753) + (trace:5.146) = 8.899,3.803,23.610,45.785,FB1.uB.dut_inst.remainder_reg[3].Q,FB1.uB.dut_inst.quotient_reg[4].D,remainder_reg[3]: un1_quotient_reg_1[4]
197,29.828,clk1:r,clk1:r,-,FB1_uA,x1: x1,(trace:3.753) + (trace:5.146) = 8.899,3.803,23.610,45.785,FB1.uB.dut_inst.remainder_reg[5].Q,FB1.uB.dut_inst.quotient_reg[7].D,remainder_reg[5]: un1_quotient_reg_1[7]
198,29.828,clk1:r,clk1:r,-,FB1_uA,x1: x1,(trace:3.753) + (trace:5.146) = 8.899,3.803,23.610,45.785,FB1.uB.dut_inst.remainder_reg[3].Q,FB1.uB.dut_inst.quotient_reg[6].D,remainder_reg[3]: un1_quotient_reg_1[6]
199,29.828,clk1:r,clk1:r,-,FB1_uA,x1: x1,(trace:3.753) + (trace:5.146) = 8.899,3.803,23.610,45.785,FB1.uB.dut_inst.remainder_reg[5].Q,FB1.uB.dut_inst.quotient_reg[4].D,remainder_reg[5]: un1_quotient_reg_1[4]
200,29.828,clk1:r,clk1:r,-,FB1_uA,x1: x1,(trace:3.753) + (trace:5.146) = 8.899,3.803,23.610,45.785,FB1.uB.dut_inst.remainder_reg[2].Q,FB1.uB.dut_inst.quotient_reg[3].D,remainder_reg[2]: un1_quotient_reg_1[3]
201,29.828,clk1:r,clk1:r,-,FB1_uA,x1: x1,(trace:3.753) + (trace:5.146) = 8.899,3.803,23.610,45.785,FB1.uB.dut_inst.remainder_reg[2].Q,FB1.uB.dut_inst.quotient_reg[7].D,remainder_reg[2]: un1_quotient_reg_1[7]
202,29.828,clk1:r,clk1:r,-,FB1_uA,x1: x1,(trace:3.753) + (trace:5.146) = 8.899,3.803,23.610,45.785,FB1.uB.dut_inst.remainder_reg[5].Q,FB1.uB.dut_inst.quotient_reg[1].D,remainder_reg[5]: un1_quotient_reg_1[1]
203,29.828,clk1:r,clk1:r,-,FB1_uA,x1: x1,(trace:3.753) + (trace:5.146) = 8.899,3.803,23.610,45.785,FB1.uB.dut_inst.remainder_reg[2].Q,FB1.uB.dut_inst.quotient_reg[4].D,remainder_reg[2]: un1_quotient_reg_1[4]
204,29.828,clk1:r,clk1:r,-,FB1_uA,x1: x1,(trace:3.753) + (trace:5.146) = 8.899,3.803,23.610,45.785,FB1.uB.dut_inst.remainder_reg[2].Q,FB1.uB.dut_inst.quotient_reg[6].D,remainder_reg[2]: un1_quotient_reg_1[6]
205,29.828,clk1:r,clk1:r,-,FB1_uA,x1: x1,(trace:3.753) + (trace:5.146) = 8.899,3.803,23.610,45.785,FB1.uB.dut_inst.remainder_reg[3].Q,FB1.uB.dut_inst.quotient_reg[7].D,remainder_reg[3]: un1_quotient_reg_1[7]
206,29.828,clk1:r,clk1:r,-,FB1_uA,x1: x1,(trace:3.753) + (trace:5.146) = 8.899,3.803,23.610,45.785,FB1.uB.dut_inst.remainder_reg[3].Q,FB1.uB.dut_inst.quotient_reg[1].D,remainder_reg[3]: un1_quotient_reg_1[1]
207,29.829,clk1:r,clk1:r,-,FB1_uA,x1: x1,(trace:3.753) + (trace:5.146) = 8.899,3.802,23.610,45.785,FB1.uB.dut_inst.remainder_reg[4].Q,FB1.uB.dut_inst.quotient_reg[6].D,remainder_reg[4]: un1_quotient_reg_1[6]
208,29.829,clk1:r,clk1:r,-,FB1_uA,x1: x1,(trace:3.753) + (trace:5.146) = 8.899,3.802,23.610,45.785,FB1.uB.dut_inst.remainder_reg[4].Q,FB1.uB.dut_inst.quotient_reg[7].D,remainder_reg[4]: un1_quotient_reg_1[7]
209,29.829,clk1:r,clk1:r,-,FB1_uA,x1: x1,(trace:3.753) + (trace:5.146) = 8.899,3.802,23.610,45.785,FB1.uB.dut_inst.remainder_reg[4].Q,FB1.uB.dut_inst.quotient_reg[3].D,remainder_reg[4]: un1_quotient_reg_1[3]
210,29.829,clk1:r,clk1:r,-,FB1_uA,x1: x1,(trace:3.753) + (trace:5.146) = 8.899,3.802,23.610,45.785,FB1.uB.dut_inst.remainder_reg[4].Q,FB1.uB.dut_inst.quotient_reg[4].D,remainder_reg[4]: un1_quotient_reg_1[4]
211,29.829,clk1:r,clk1:r,-,FB1_uA,x1: x1,(trace:3.753) + (trace:5.146) = 8.899,3.802,23.610,45.785,FB1.uB.dut_inst.remainder_reg[4].Q,FB1.uB.dut_inst.quotient_reg[1].D,remainder_reg[4]: un1_quotient_reg_1[1]
212,29.837,clk1:r,clk1:r,-,FB1_uA,x1: x1,(trace:3.753) + (trace:5.146) = 8.899,3.794,23.961,45.785,FB1.uB.dut_inst.remainder_reg[6].Q,FB1.uB.dut_inst.remainder_reg[3].D,remainder_reg[6]: un1_remainder_reg_3[3]
213,29.837,clk1:r,clk1:r,-,FB1_uA,x1: x1,(trace:3.753) + (trace:5.146) = 8.899,3.794,24.027,45.785,FB1.uB.dut_inst.remainder_reg[6].Q,FB1.uB.dut_inst.remainder_reg[7].D,remainder_reg[6]: un1_remainder_reg_3[7]
214,29.837,clk1:r,clk1:r,-,FB1_uA,x1: x1,(trace:3.753) + (trace:5.146) = 8.899,3.794,24.026,45.785,FB1.uB.dut_inst.remainder_reg[6].Q,FB1.uB.dut_inst.remainder_reg[5].D,remainder_reg[6]: un1_remainder_reg_3[5]
215,29.837,clk1:r,clk1:r,-,FB1_uA,x1: x1,(trace:3.753) + (trace:5.146) = 8.899,3.794,23.957,45.785,FB1.uB.dut_inst.remainder_reg[6].Q,FB1.uB.dut_inst.remainder_reg[2].D,remainder_reg[6]: un1_remainder_reg_3[2]
216,29.855,clk1:r,clk1:r,-,FB1_uA,x1: x1,(trace:3.753) + (trace:5.146) = 8.899,3.776,23.610,45.785,FB1.uB.dut_inst.remainder_reg[6].Q,FB1.uB.dut_inst.quotient_reg[6].D,remainder_reg[6]: un1_quotient_reg_1[6]
217,29.855,clk1:r,clk1:r,-,FB1_uA,x1: x1,(trace:3.753) + (trace:5.146) = 8.899,3.776,23.610,45.785,FB1.uB.dut_inst.remainder_reg[6].Q,FB1.uB.dut_inst.quotient_reg[4].D,remainder_reg[6]: un1_quotient_reg_1[4]
218,29.855,clk1:r,clk1:r,-,FB1_uA,x1: x1,(trace:3.753) + (trace:5.146) = 8.899,3.776,23.610,45.785,FB1.uB.dut_inst.remainder_reg[6].Q,FB1.uB.dut_inst.quotient_reg[7].D,remainder_reg[6]: un1_quotient_reg_1[7]
219,29.855,clk1:r,clk1:r,-,FB1_uA,x1: x1,(trace:3.753) + (trace:5.146) = 8.899,3.776,23.610,45.785,FB1.uB.dut_inst.remainder_reg[6].Q,FB1.uB.dut_inst.quotient_reg[1].D,remainder_reg[6]: un1_quotient_reg_1[1]
220,29.855,clk1:r,clk1:r,-,FB1_uA,x1: x1,(trace:3.753) + (trace:5.146) = 8.899,3.776,23.610,45.785,FB1.uB.dut_inst.remainder_reg[6].Q,FB1.uB.dut_inst.quotient_reg[3].D,remainder_reg[6]: un1_quotient_reg_1[3]
221,29.880,clk1:r,clk1:r,-,FB1_uA,x1: x1,(trace:3.753) + (trace:5.146) = 8.899,5.126,37.277,45.785,FB1.uB.dut_inst.remainder_reg[7].Q,FB1.uB.dut_inst.remainder_reg[0].D,remainder_reg[7]: un1_remainder_reg_3[0]
222,29.898,clk1:r,clk1:r,-,FB1_uA,x1: x1,(trace:3.753) + (trace:5.146) = 8.899,3.764,24.027,45.785,FB1.uB.dut_inst.remainder_reg[7].Q,FB1.uB.dut_inst.remainder_reg[7].D,remainder_reg[7]: un1_remainder_reg_3[7]
223,29.898,clk1:r,clk1:r,-,FB1_uA,x1: x1,(trace:3.753) + (trace:5.146) = 8.899,3.764,23.957,45.785,FB1.uB.dut_inst.remainder_reg[7].Q,FB1.uB.dut_inst.remainder_reg[2].D,remainder_reg[7]: un1_remainder_reg_3[2]
224,29.898,clk1:r,clk1:r,-,FB1_uA,x1: x1,(trace:3.753) + (trace:5.146) = 8.899,3.764,23.961,45.785,FB1.uB.dut_inst.remainder_reg[7].Q,FB1.uB.dut_inst.remainder_reg[3].D,remainder_reg[7]: un1_remainder_reg_3[3]
225,29.898,clk1:r,clk1:r,-,FB1_uA,x1: x1,(trace:3.753) + (trace:5.146) = 8.899,3.764,24.026,45.785,FB1.uB.dut_inst.remainder_reg[7].Q,FB1.uB.dut_inst.remainder_reg[5].D,remainder_reg[7]: un1_remainder_reg_3[5]
226,29.898,clk1:r,clk1:r,-,FB1_uA,x1: x1,(trace:3.753) + (trace:5.039) = 8.792,3.840,23.915,45.785,FB1.uB.dut_inst.remainder_reg[1].Q,FB1.uB.dut_inst.remainder_reg[6].D,remainder_reg[1]: un1_remainder_reg_3[6]
227,29.898,clk1:r,clk1:r,-,FB1_uA,x1: x1,(trace:3.753) + (trace:5.039) = 8.792,3.840,23.898,45.785,FB1.uB.dut_inst.remainder_reg[1].Q,FB1.uB.dut_inst.remainder_reg[4].D,remainder_reg[1]: un1_remainder_reg_3[4]
228,29.898,clk1:r,clk1:r,-,FB1_uA,x1: x1,(trace:3.753) + (trace:5.039) = 8.792,3.840,23.825,45.785,FB1.uB.dut_inst.remainder_reg[1].Q,FB1.uB.dut_inst.remainder_reg[1].D,remainder_reg[1]: un1_remainder_reg_3[1]
229,29.915,clk1:r,clk1:r,-,FB1_uA,x1: x1,(trace:3.753) + (trace:5.146) = 8.899,3.746,23.610,45.785,FB1.uB.dut_inst.remainder_reg[7].Q,FB1.uB.dut_inst.quotient_reg[3].D,remainder_reg[7]: un1_quotient_reg_1[3]
230,29.915,clk1:r,clk1:r,-,FB1_uA,x1: x1,(trace:3.753) + (trace:5.146) = 8.899,3.746,23.610,45.785,FB1.uB.dut_inst.remainder_reg[7].Q,FB1.uB.dut_inst.quotient_reg[6].D,remainder_reg[7]: un1_quotient_reg_1[6]
231,29.915,clk1:r,clk1:r,-,FB1_uA,x1: x1,(trace:3.753) + (trace:5.146) = 8.899,3.746,23.610,45.785,FB1.uB.dut_inst.remainder_reg[7].Q,FB1.uB.dut_inst.quotient_reg[4].D,remainder_reg[7]: un1_quotient_reg_1[4]
232,29.915,clk1:r,clk1:r,-,FB1_uA,x1: x1,(trace:3.753) + (trace:5.146) = 8.899,3.746,23.610,45.785,FB1.uB.dut_inst.remainder_reg[7].Q,FB1.uB.dut_inst.quotient_reg[1].D,remainder_reg[7]: un1_quotient_reg_1[1]
233,29.915,clk1:r,clk1:r,-,FB1_uA,x1: x1,(trace:3.753) + (trace:5.146) = 8.899,3.746,23.610,45.785,FB1.uB.dut_inst.remainder_reg[7].Q,FB1.uB.dut_inst.quotient_reg[7].D,remainder_reg[7]: un1_quotient_reg_1[7]
234,29.916,clk1:r,clk1:r,-,FB1_uA,x1: x1,(trace:3.753) + (trace:5.039) = 8.792,3.822,22.239,45.785,FB1.uB.dut_inst.remainder_reg[1].Q,FB1.uB.dut_inst.quotient_reg[0].D,remainder_reg[1]: un1_quotient_reg_1[0]
235,29.916,clk1:r,clk1:r,-,FB1_uA,x1: x1,(trace:3.753) + (trace:5.039) = 8.792,3.822,23.503,45.785,FB1.uB.dut_inst.remainder_reg[1].Q,FB1.uB.dut_inst.quotient_reg[2].D,remainder_reg[1]: un1_quotient_reg_1[2]
236,29.916,clk1:r,clk1:r,-,FB1_uA,x1: x1,(trace:3.753) + (trace:5.039) = 8.792,3.822,23.503,45.785,FB1.uB.dut_inst.remainder_reg[1].Q,FB1.uB.dut_inst.quotient_reg[5].D,remainder_reg[1]: un1_quotient_reg_1[5]
237,29.917,clk1:r,clk1:r,-,FB1_uA,x1: x1,(trace:3.753) + (trace:5.039) = 8.792,3.821,23.915,45.785,FB1.uB.dut_inst.remainder_reg[5].Q,FB1.uB.dut_inst.remainder_reg[6].D,remainder_reg[5]: un1_remainder_reg_3[6]
238,29.917,clk1:r,clk1:r,-,FB1_uA,x1: x1,(trace:3.753) + (trace:5.039) = 8.792,3.821,23.898,45.785,FB1.uB.dut_inst.remainder_reg[3].Q,FB1.uB.dut_inst.remainder_reg[4].D,remainder_reg[3]: un1_remainder_reg_3[4]
239,29.917,clk1:r,clk1:r,-,FB1_uA,x1: x1,(trace:3.753) + (trace:5.039) = 8.792,3.821,23.898,45.785,FB1.uB.dut_inst.remainder_reg[5].Q,FB1.uB.dut_inst.remainder_reg[4].D,remainder_reg[5]: un1_remainder_reg_3[4]
240,29.917,clk1:r,clk1:r,-,FB1_uA,x1: x1,(trace:3.753) + (trace:5.039) = 8.792,3.821,23.915,45.785,FB1.uB.dut_inst.remainder_reg[2].Q,FB1.uB.dut_inst.remainder_reg[6].D,remainder_reg[2]: un1_remainder_reg_3[6]
241,29.917,clk1:r,clk1:r,-,FB1_uA,x1: x1,(trace:3.753) + (trace:5.039) = 8.792,3.821,23.825,45.785,FB1.uB.dut_inst.remainder_reg[5].Q,FB1.uB.dut_inst.remainder_reg[1].D,remainder_reg[5]: un1_remainder_reg_3[1]
242,29.917,clk1:r,clk1:r,-,FB1_uA,x1: x1,(trace:3.753) + (trace:5.039) = 8.792,3.821,23.898,45.785,FB1.uB.dut_inst.remainder_reg[2].Q,FB1.uB.dut_inst.remainder_reg[4].D,remainder_reg[2]: un1_remainder_reg_3[4]
243,29.917,clk1:r,clk1:r,-,FB1_uA,x1: x1,(trace:3.753) + (trace:5.039) = 8.792,3.821,23.915,45.785,FB1.uB.dut_inst.remainder_reg[3].Q,FB1.uB.dut_inst.remainder_reg[6].D,remainder_reg[3]: un1_remainder_reg_3[6]
244,29.917,clk1:r,clk1:r,-,FB1_uA,x1: x1,(trace:3.753) + (trace:5.039) = 8.792,3.821,23.825,45.785,FB1.uB.dut_inst.remainder_reg[2].Q,FB1.uB.dut_inst.remainder_reg[1].D,remainder_reg[2]: un1_remainder_reg_3[1]
245,29.917,clk1:r,clk1:r,-,FB1_uA,x1: x1,(trace:3.753) + (trace:5.039) = 8.792,3.821,23.825,45.785,FB1.uB.dut_inst.remainder_reg[3].Q,FB1.uB.dut_inst.remainder_reg[1].D,remainder_reg[3]: un1_remainder_reg_3[1]
246,29.919,clk1:r,clk1:r,-,FB1_uA,x1: x1,(trace:3.753) + (trace:5.039) = 8.792,3.820,23.915,45.785,FB1.uB.dut_inst.remainder_reg[4].Q,FB1.uB.dut_inst.remainder_reg[6].D,remainder_reg[4]: un1_remainder_reg_3[6]
247,29.919,clk1:r,clk1:r,-,FB1_uA,x1: x1,(trace:3.753) + (trace:5.039) = 8.792,3.820,23.898,45.785,FB1.uB.dut_inst.remainder_reg[4].Q,FB1.uB.dut_inst.remainder_reg[4].D,remainder_reg[4]: un1_remainder_reg_3[4]
248,29.919,clk1:r,clk1:r,-,FB1_uA,x1: x1,(trace:3.753) + (trace:5.039) = 8.792,3.820,23.825,45.785,FB1.uB.dut_inst.remainder_reg[4].Q,FB1.uB.dut_inst.remainder_reg[1].D,remainder_reg[4]: un1_remainder_reg_3[1]
249,29.935,clk1:r,clk1:r,-,FB1_uA,x1: x1,(trace:3.753) + (trace:5.039) = 8.792,3.803,23.503,45.785,FB1.uB.dut_inst.remainder_reg[3].Q,FB1.uB.dut_inst.quotient_reg[5].D,remainder_reg[3]: un1_quotient_reg_1[5]
250,29.935,clk1:r,clk1:r,-,FB1_uA,x1: x1,(trace:3.753) + (trace:5.039) = 8.792,3.803,23.503,45.785,FB1.uB.dut_inst.remainder_reg[2].Q,FB1.uB.dut_inst.quotient_reg[5].D,remainder_reg[2]: un1_quotient_reg_1[5]
251,29.935,clk1:r,clk1:r,-,FB1_uA,x1: x1,(trace:3.753) + (trace:5.039) = 8.792,3.803,23.503,45.785,FB1.uB.dut_inst.remainder_reg[2].Q,FB1.uB.dut_inst.quotient_reg[2].D,remainder_reg[2]: un1_quotient_reg_1[2]
252,29.935,clk1:r,clk1:r,-,FB1_uA,x1: x1,(trace:3.753) + (trace:5.039) = 8.792,3.803,23.503,45.785,FB1.uB.dut_inst.remainder_reg[5].Q,FB1.uB.dut_inst.quotient_reg[5].D,remainder_reg[5]: un1_quotient_reg_1[5]
253,29.935,clk1:r,clk1:r,-,FB1_uA,x1: x1,(trace:3.753) + (trace:5.039) = 8.792,3.803,23.503,45.785,FB1.uB.dut_inst.remainder_reg[3].Q,FB1.uB.dut_inst.quotient_reg[2].D,remainder_reg[3]: un1_quotient_reg_1[2]
254,29.935,clk1:r,clk1:r,-,FB1_uA,x1: x1,(trace:3.753) + (trace:5.039) = 8.792,3.803,22.239,45.785,FB1.uB.dut_inst.remainder_reg[2].Q,FB1.uB.dut_inst.quotient_reg[0].D,remainder_reg[2]: un1_quotient_reg_1[0]
255,29.935,clk1:r,clk1:r,-,FB1_uA,x1: x1,(trace:3.753) + (trace:5.039) = 8.792,3.803,22.239,45.785,FB1.uB.dut_inst.remainder_reg[3].Q,FB1.uB.dut_inst.quotient_reg[0].D,remainder_reg[3]: un1_quotient_reg_1[0]
256,29.935,clk1:r,clk1:r,-,FB1_uA,x1: x1,(trace:3.753) + (trace:5.039) = 8.792,3.803,22.239,45.785,FB1.uB.dut_inst.remainder_reg[5].Q,FB1.uB.dut_inst.quotient_reg[0].D,remainder_reg[5]: un1_quotient_reg_1[0]
257,29.935,clk1:r,clk1:r,-,FB1_uA,x1: x1,(trace:3.753) + (trace:5.039) = 8.792,3.803,23.503,45.785,FB1.uB.dut_inst.remainder_reg[5].Q,FB1.uB.dut_inst.quotient_reg[2].D,remainder_reg[5]: un1_quotient_reg_1[2]
258,29.936,clk1:r,clk1:r,-,FB1_uA,x1: x1,(trace:3.753) + (trace:5.039) = 8.792,3.802,23.503,45.785,FB1.uB.dut_inst.remainder_reg[4].Q,FB1.uB.dut_inst.quotient_reg[5].D,remainder_reg[4]: un1_quotient_reg_1[5]
259,29.936,clk1:r,clk1:r,-,FB1_uA,x1: x1,(trace:3.753) + (trace:5.039) = 8.792,3.802,23.503,45.785,FB1.uB.dut_inst.remainder_reg[4].Q,FB1.uB.dut_inst.quotient_reg[2].D,remainder_reg[4]: un1_quotient_reg_1[2]
260,29.936,clk1:r,clk1:r,-,FB1_uA,x1: x1,(trace:3.753) + (trace:5.039) = 8.792,3.802,22.239,45.785,FB1.uB.dut_inst.remainder_reg[4].Q,FB1.uB.dut_inst.quotient_reg[0].D,remainder_reg[4]: un1_quotient_reg_1[0]
261,29.944,clk1:r,clk1:r,-,FB1_uA,x1: x1,(trace:3.753) + (trace:5.039) = 8.792,3.794,23.915,45.785,FB1.uB.dut_inst.remainder_reg[6].Q,FB1.uB.dut_inst.remainder_reg[6].D,remainder_reg[6]: un1_remainder_reg_3[6]
262,29.944,clk1:r,clk1:r,-,FB1_uA,x1: x1,(trace:3.753) + (trace:5.039) = 8.792,3.794,23.898,45.785,FB1.uB.dut_inst.remainder_reg[6].Q,FB1.uB.dut_inst.remainder_reg[4].D,remainder_reg[6]: un1_remainder_reg_3[4]
263,29.944,clk1:r,clk1:r,-,FB1_uA,x1: x1,(trace:3.753) + (trace:5.039) = 8.792,3.794,23.825,45.785,FB1.uB.dut_inst.remainder_reg[6].Q,FB1.uB.dut_inst.remainder_reg[1].D,remainder_reg[6]: un1_remainder_reg_3[1]
264,29.962,clk1:r,clk1:r,-,FB1_uA,x1: x1,(trace:3.753) + (trace:5.039) = 8.792,3.776,23.503,45.785,FB1.uB.dut_inst.remainder_reg[6].Q,FB1.uB.dut_inst.quotient_reg[5].D,remainder_reg[6]: un1_quotient_reg_1[5]
265,29.962,clk1:r,clk1:r,-,FB1_uA,x1: x1,(trace:3.753) + (trace:5.039) = 8.792,3.776,22.239,45.785,FB1.uB.dut_inst.remainder_reg[6].Q,FB1.uB.dut_inst.quotient_reg[0].D,remainder_reg[6]: un1_quotient_reg_1[0]
266,29.962,clk1:r,clk1:r,-,FB1_uA,x1: x1,(trace:3.753) + (trace:5.039) = 8.792,3.776,23.503,45.785,FB1.uB.dut_inst.remainder_reg[6].Q,FB1.uB.dut_inst.quotient_reg[2].D,remainder_reg[6]: un1_quotient_reg_1[2]
267,30.005,clk1:r,clk1:r,-,FB1_uA,x1: x1,(trace:3.753) + (trace:5.039) = 8.792,3.764,23.915,45.785,FB1.uB.dut_inst.remainder_reg[7].Q,FB1.uB.dut_inst.remainder_reg[6].D,remainder_reg[7]: un1_remainder_reg_3[6]
268,30.005,clk1:r,clk1:r,-,FB1_uA,x1: x1,(trace:3.753) + (trace:5.039) = 8.792,3.764,23.898,45.785,FB1.uB.dut_inst.remainder_reg[7].Q,FB1.uB.dut_inst.remainder_reg[4].D,remainder_reg[7]: un1_remainder_reg_3[4]
269,30.005,clk1:r,clk1:r,-,FB1_uA,x1: x1,(trace:3.753) + (trace:5.039) = 8.792,3.764,23.825,45.785,FB1.uB.dut_inst.remainder_reg[7].Q,FB1.uB.dut_inst.remainder_reg[1].D,remainder_reg[7]: un1_remainder_reg_3[1]
270,30.022,clk1:r,clk1:r,-,FB1_uA,x1: x1,(trace:3.753) + (trace:5.039) = 8.792,3.746,23.503,45.785,FB1.uB.dut_inst.remainder_reg[7].Q,FB1.uB.dut_inst.quotient_reg[5].D,remainder_reg[7]: un1_quotient_reg_1[5]
271,30.022,clk1:r,clk1:r,-,FB1_uA,x1: x1,(trace:3.753) + (trace:5.039) = 8.792,3.746,22.239,45.785,FB1.uB.dut_inst.remainder_reg[7].Q,FB1.uB.dut_inst.quotient_reg[0].D,remainder_reg[7]: un1_quotient_reg_1[0]
272,30.022,clk1:r,clk1:r,-,FB1_uA,x1: x1,(trace:3.753) + (trace:5.039) = 8.792,3.746,23.503,45.785,FB1.uB.dut_inst.remainder_reg[7].Q,FB1.uB.dut_inst.quotient_reg[2].D,remainder_reg[7]: un1_quotient_reg_1[2]
273,30.058,clk1:r,clk1:r,-,FB1_uA,x1: x1,(trace:4.750) + (trace:5.146) = 9.896,2.515,15.744,45.803,FB1.uB.dut_inst.remainder_reg[0].Q,FB1.uB.dut_inst.remainder[0].D,remainder_reg[0]: un1_remainder_reg_2[0]
274,30.101,clk1:r,clk1:r,-,FB1_uB,x1: x1,(trace:4.750) + (trace:5.039) = 9.789,2.515,16.971,45.803,FB1.uA.dut_inst.count[1].Q,FB1.uA.dut_inst.count[2].D,count[1]: un1_count_8[2]
275,30.101,clk1:r,clk1:r,-,FB1_uB,x1: x1,(trace:4.750) + (trace:5.039) = 9.789,2.515,16.971,45.803,FB1.uA.dut_inst.count[1].Q,FB1.uA.dut_inst.count[1].D,count[1]: un1_count_8[1]
276,30.101,clk1:r,clk1:r,-,FB1_uB,x1: x1,(trace:4.750) + (trace:5.039) = 9.789,2.515,16.971,45.803,FB1.uA.dut_inst.count[1].Q,FB1.uA.dut_inst.count[3].D,count[1]: un1_count_8[3]
277,30.150,clk1:r,clk1:r,-,FB1_uB,x1: x1,(trace:4.750) + (trace:5.039) = 9.789,2.550,16.971,45.803,FB1.uA.dut_inst.count[0].Q,FB1.uA.dut_inst.count[1].D,count[0]: un1_count_8[1]
278,30.150,clk1:r,clk1:r,-,FB1_uB,x1: x1,(trace:4.750) + (trace:5.039) = 9.789,2.550,16.971,45.803,FB1.uA.dut_inst.count[0].Q,FB1.uA.dut_inst.count[3].D,count[0]: un1_count_8[3]
279,30.150,clk1:r,clk1:r,-,FB1_uB,x1: x1,(trace:4.750) + (trace:5.039) = 9.789,2.550,16.971,45.803,FB1.uA.dut_inst.count[0].Q,FB1.uA.dut_inst.count[2].D,count[0]: un1_count_8[2]
280,30.169,clk1:r,clk1:r,-,FB1_uB,x1: x1,(trace:4.750) + (trace:5.039) = 9.789,2.530,16.971,45.803,FB1.uA.dut_inst.count[0].Q,FB1.uA.dut_inst.count[0].D,count[0]: un1_count_8[0]
281,30.210,clk1:r,clk1:r,-,FB1_uA,x1: x1,(trace:4.750) + (trace:5.146) = 9.896,3.799,23.610,45.785,FB1.uB.dut_inst.quotient_reg[3].Q,FB1.uB.dut_inst.quotient_reg[3].D,quotient_reg[3]: un1_quotient_reg_1[3]
282,30.210,clk1:r,clk1:r,-,FB1_uA,x1: x1,(trace:4.750) + (trace:5.146) = 9.896,3.799,23.610,45.785,FB1.uB.dut_inst.quotient_reg[6].Q,FB1.uB.dut_inst.quotient_reg[6].D,quotient_reg[6]: un1_quotient_reg_1[6]
283,30.210,clk1:r,clk1:r,-,FB1_uA,x1: x1,(trace:4.750) + (trace:5.146) = 9.896,3.799,23.610,45.785,FB1.uB.dut_inst.quotient_reg[1].Q,FB1.uB.dut_inst.quotient_reg[1].D,quotient_reg[1]: un1_quotient_reg_1[1]
284,30.210,clk1:r,clk1:r,-,FB1_uA,x1: x1,(trace:4.750) + (trace:5.146) = 9.896,3.799,23.610,45.785,FB1.uB.dut_inst.quotient_reg[4].Q,FB1.uB.dut_inst.quotient_reg[4].D,quotient_reg[4]: un1_quotient_reg_1[4]
285,30.210,clk1:r,clk1:r,-,FB1_uA,x1: x1,(trace:4.750) + (trace:5.146) = 9.896,3.799,23.610,45.785,FB1.uB.dut_inst.quotient_reg[7].Q,FB1.uB.dut_inst.quotient_reg[7].D,quotient_reg[7]: un1_quotient_reg_1[7]
286,30.225,clk1:r,clk1:r,-,FB1_uA,x1: x1,(trace:4.750) + (trace:5.146) = 9.896,3.754,15.578,45.803,FB1.uB.dut_inst.quotient_reg[0].Q,FB1.uB.dut_inst.quotient[0].D,quotient_reg[0]: un1_quotient_reg[0]
287,30.225,clk1:r,clk1:r,-,FB1_uA,x1: x1,(trace:4.750) + (trace:5.146) = 9.896,2.455,15.578,45.803,FB1.uB.dut_inst.quotient_reg[6].Q,FB1.uB.dut_inst.quotient[6].D,quotient_reg[6]: un1_quotient_reg[6]
288,30.225,clk1:r,clk1:r,-,FB1_uA,x1: x1,(trace:4.750) + (trace:5.146) = 9.896,2.455,15.578,45.803,FB1.uB.dut_inst.quotient_reg[4].Q,FB1.uB.dut_inst.quotient[4].D,quotient_reg[4]: un1_quotient_reg[4]
289,30.225,clk1:r,clk1:r,-,FB1_uA,x1: x1,(trace:4.750) + (trace:5.146) = 9.896,2.455,15.578,45.803,FB1.uB.dut_inst.quotient_reg[3].Q,FB1.uB.dut_inst.quotient[3].D,quotient_reg[3]: un1_quotient_reg[3]
290,30.225,clk1:r,clk1:r,-,FB1_uA,x1: x1,(trace:4.750) + (trace:5.146) = 9.896,2.455,15.578,45.803,FB1.uB.dut_inst.quotient_reg[1].Q,FB1.uB.dut_inst.quotient[1].D,quotient_reg[1]: un1_quotient_reg[1]
291,30.317,clk1:r,clk1:r,-,FB1_uA,x1: x1,(trace:4.750) + (trace:5.039) = 9.789,3.799,23.503,45.785,FB1.uB.dut_inst.quotient_reg[5].Q,FB1.uB.dut_inst.quotient_reg[5].D,quotient_reg[5]: un1_quotient_reg_1[5]
292,30.317,clk1:r,clk1:r,-,FB1_uA,x1: x1,(trace:4.750) + (trace:5.039) = 9.789,2.500,22.239,45.785,FB1.uB.dut_inst.quotient_reg[0].Q,FB1.uB.dut_inst.quotient_reg[0].D,quotient_reg[0]: un1_quotient_reg_1[0]
293,30.317,clk1:r,clk1:r,-,FB1_uA,x1: x1,(trace:4.750) + (trace:5.039) = 9.789,3.799,23.503,45.785,FB1.uB.dut_inst.quotient_reg[2].Q,FB1.uB.dut_inst.quotient_reg[2].D,quotient_reg[2]: un1_quotient_reg_1[2]
294,30.440,clk1:r,clk1:r,-,FB1_uB,x1: x1,(trace:4.750) + (trace:3.753) = 8.503,2.086,15.363,45.803,FB1.uA.dut_inst.count[1].Q,FB1.uA.dut_inst.count[0].D,count[1]: un1_count_1[1]
295,31.086,clk1:r,clk1:r,-,FB1_uA,x1: x1,(trace:3.753) + (trace:5.146) = 8.899,2.515,14.717,45.803,FB1.uB.dut_inst.remainder_reg[4].Q,FB1.uB.dut_inst.remainder[4].D,remainder_reg[4]: un1_remainder_reg_2[4]
296,31.086,clk1:r,clk1:r,-,FB1_uA,x1: x1,(trace:3.753) + (trace:5.146) = 8.899,2.515,14.717,45.803,FB1.uB.dut_inst.remainder_reg[5].Q,FB1.uB.dut_inst.remainder[5].D,remainder_reg[5]: un1_remainder_reg_2[5]
297,31.094,clk1:r,clk1:r,-,FB1_uB,x1: x1,(trace:3.753) + (trace:5.039) = 8.792,2.519,16.971,45.803,FB1.uA.dut_inst.count[2].Q,FB1.uA.dut_inst.count[3].D,count[2]: un1_count_8[3]
298,31.100,clk1:r,clk1:r,-,FB1_uB,x1: x1,(trace:3.753) + (trace:5.039) = 8.792,2.513,16.971,45.803,FB1.uA.dut_inst.count[2].Q,FB1.uA.dut_inst.count[2].D,count[2]: un1_count_8[2]
299,31.106,clk1:r,clk1:r,-,FB1_uB,x1: x1,(trace:3.753) + (trace:5.039) = 8.792,2.500,16.971,45.803,FB1.uA.dut_inst.count[3].Q,FB1.uA.dut_inst.count[3].D,count[3]: un1_count_8[3]
300,31.174,clk1:r,clk1:r,-,FB1_uA,x1: x1,(trace:3.753) + (trace:5.039) = 8.792,2.515,14.628,45.803,FB1.uB.dut_inst.remainder_reg[6].Q,FB1.uB.dut_inst.remainder[6].D,remainder_reg[6]: un1_remainder_reg_2[6]
301,31.174,clk1:r,clk1:r,-,FB1_uA,x1: x1,(trace:3.753) + (trace:5.039) = 8.792,2.515,14.628,45.803,FB1.uB.dut_inst.remainder_reg[3].Q,FB1.uB.dut_inst.remainder[3].D,remainder_reg[3]: un1_remainder_reg_2[3]
302,31.174,clk1:r,clk1:r,-,FB1_uA,x1: x1,(trace:3.753) + (trace:5.039) = 8.792,2.515,14.628,45.803,FB1.uB.dut_inst.remainder_reg[2].Q,FB1.uB.dut_inst.remainder[2].D,remainder_reg[2]: un1_remainder_reg_2[2]
303,31.174,clk1:r,clk1:r,-,FB1_uA,x1: x1,(trace:3.753) + (trace:5.039) = 8.792,2.515,14.628,45.803,FB1.uB.dut_inst.remainder_reg[1].Q,FB1.uB.dut_inst.remainder[1].D,remainder_reg[1]: un1_remainder_reg_2[1]
304,31.235,clk1:r,clk1:r,-,FB1_uA,x1: x1,(trace:3.753) + (trace:5.039) = 8.792,2.485,14.568,45.803,FB1.uB.dut_inst.remainder_reg[7].Q,FB1.uB.dut_inst.remainder[7].D,remainder_reg[7]: un1_remainder_reg_2[7]
305,31.450,clk1:r,clk1:r,-,FB1_uB,x1: x1,(trace:3.753) + (trace:3.753) = 7.506,2.104,14.353,45.803,FB1.uA.dut_inst.count[2].Q,FB1.uA.dut_inst.count[0].D,count[2]: un1_count_1[2]
306,31.600,clk1:r,clk1:r,-,FB1_uA,x1: x1,(trace:4.750) + (trace:3.753) = 8.503,2.455,14.203,45.803,FB1.uB.dut_inst.quotient_reg[7].Q,FB1.uB.dut_inst.quotient[7].D,quotient_reg[7]: un1_quotient_reg[7]
307,31.600,clk1:r,clk1:r,-,FB1_uA,x1: x1,(trace:4.750) + (trace:3.753) = 8.503,2.455,14.203,45.803,FB1.uB.dut_inst.quotient_reg[5].Q,FB1.uB.dut_inst.quotient[5].D,quotient_reg[5]: un1_quotient_reg[5]
308,31.600,clk1:r,clk1:r,-,FB1_uA,x1: x1,(trace:4.750) + (trace:3.753) = 8.503,2.455,14.203,45.803,FB1.uB.dut_inst.quotient_reg[2].Q,FB1.uB.dut_inst.quotient[2].D,quotient_reg[2]: un1_quotient_reg[2]
309,35.178,System:r,clk1:r,-,-,x1,(trace:5.146) = 5.146,1.376,9.929,45.107,in_valid.in_valid,FB1.uA.dut_inst.c_state[0].D,in_valid_aptn_ft
310,35.672,clk1:r,clk1:r,-,-,x1,(trace:5.146) = 5.146,3.087,37.277,45.785,FB1.uA.dut_inst.input_B[0].Q,FB1.uB.dut_inst.remainder_reg[0].D,un1_remainder_reg_3[0]
311,35.689,clk1:r,clk1:r,-,-,x1,(trace:5.146) = 5.146,3.070,23.957,45.785,FB1.uA.dut_inst.input_B[0].Q,FB1.uB.dut_inst.remainder_reg[2].D,un1_remainder_reg_3[2]
312,35.689,clk1:r,clk1:r,-,-,x1,(trace:5.146) = 5.146,3.070,24.026,45.785,FB1.uA.dut_inst.input_B[0].Q,FB1.uB.dut_inst.remainder_reg[5].D,un1_remainder_reg_3[5]
313,35.689,clk1:r,clk1:r,-,-,x1,(trace:5.146) = 5.146,3.070,24.027,45.785,FB1.uA.dut_inst.input_B[0].Q,FB1.uB.dut_inst.remainder_reg[7].D,un1_remainder_reg_3[7]
314,35.689,clk1:r,clk1:r,-,-,x1,(trace:5.146) = 5.146,3.070,23.961,45.785,FB1.uA.dut_inst.input_B[0].Q,FB1.uB.dut_inst.remainder_reg[3].D,un1_remainder_reg_3[3]
315,35.707,clk1:r,clk1:r,-,-,x1,(trace:5.146) = 5.146,3.052,23.610,45.785,FB1.uA.dut_inst.input_B[0].Q,FB1.uB.dut_inst.quotient_reg[3].D,un1_quotient_reg_1[3]
316,35.707,clk1:r,clk1:r,-,-,x1,(trace:5.146) = 5.146,3.052,23.610,45.785,FB1.uA.dut_inst.input_B[0].Q,FB1.uB.dut_inst.quotient_reg[4].D,un1_quotient_reg_1[4]
317,35.707,clk1:r,clk1:r,-,-,x1,(trace:5.146) = 5.146,3.052,23.610,45.785,FB1.uA.dut_inst.input_B[0].Q,FB1.uB.dut_inst.quotient_reg[1].D,un1_quotient_reg_1[1]
318,35.707,clk1:r,clk1:r,-,-,x1,(trace:5.146) = 5.146,3.052,23.610,45.785,FB1.uA.dut_inst.input_B[0].Q,FB1.uB.dut_inst.quotient_reg[6].D,un1_quotient_reg_1[6]
319,35.707,clk1:r,clk1:r,-,-,x1,(trace:5.146) = 5.146,3.052,23.610,45.785,FB1.uA.dut_inst.input_B[0].Q,FB1.uB.dut_inst.quotient_reg[7].D,un1_quotient_reg_1[7]
320,35.796,clk1:r,clk1:r,-,-,x1,(trace:5.039) = 5.039,3.070,23.915,45.785,FB1.uA.dut_inst.input_B[0].Q,FB1.uB.dut_inst.remainder_reg[6].D,un1_remainder_reg_3[6]
321,35.796,clk1:r,clk1:r,-,-,x1,(trace:5.039) = 5.039,3.070,23.825,45.785,FB1.uA.dut_inst.input_B[0].Q,FB1.uB.dut_inst.remainder_reg[1].D,un1_remainder_reg_3[1]
322,35.796,clk1:r,clk1:r,-,-,x1,(trace:5.039) = 5.039,3.070,23.898,45.785,FB1.uA.dut_inst.input_B[0].Q,FB1.uB.dut_inst.remainder_reg[4].D,un1_remainder_reg_3[4]
323,35.814,clk1:r,clk1:r,-,-,x1,(trace:5.039) = 5.039,3.052,22.239,45.785,FB1.uA.dut_inst.input_B[0].Q,FB1.uB.dut_inst.quotient_reg[0].D,un1_quotient_reg_1[0]
324,35.814,clk1:r,clk1:r,-,-,x1,(trace:5.039) = 5.039,3.052,23.503,45.785,FB1.uA.dut_inst.input_B[0].Q,FB1.uB.dut_inst.quotient_reg[2].D,un1_quotient_reg_1[2]
325,35.814,clk1:r,clk1:r,-,-,x1,(trace:5.039) = 5.039,3.052,23.503,45.785,FB1.uA.dut_inst.input_B[0].Q,FB1.uB.dut_inst.quotient_reg[5].D,un1_quotient_reg_1[5]
326,36.140,System:r,clk1:r,-,-,x1,(trace:5.146) = 5.146,3.199,9.663,45.803,B[7:0].B[0],FB1.uA.dut_inst.input_B[0].D,B_aptn_ft[0]
327,36.140,System:r,clk1:r,-,-,x1,(trace:5.146) = 5.146,3.199,9.663,45.803,B[7:0].B[7],FB1.uA.dut_inst.input_B[7].D,B_aptn_ft[7]
328,36.140,System:r,clk1:r,-,-,x1,(trace:5.146) = 5.146,3.199,9.663,45.803,A[7:0].A[4],FB1.uA.dut_inst.input_A[4].D,A_aptn_ft[4]
329,36.140,System:r,clk1:r,-,-,x1,(trace:5.146) = 5.146,3.199,9.663,45.803,A[7:0].A[5],FB1.uA.dut_inst.input_A[5].D,A_aptn_ft[5]
330,36.140,System:r,clk1:r,-,-,x1,(trace:5.146) = 5.146,3.199,9.663,45.803,B[7:0].B[4],FB1.uA.dut_inst.input_B[4].D,B_aptn_ft[4]
331,36.140,System:r,clk1:r,-,-,x1,(trace:5.146) = 5.146,3.199,9.663,45.803,B[7:0].B[5],FB1.uA.dut_inst.input_B[5].D,B_aptn_ft[5]
332,36.140,System:r,clk1:r,-,-,x1,(trace:5.146) = 5.146,3.199,9.663,45.803,A[7:0].A[6],FB1.uA.dut_inst.input_A[6].D,A_aptn_ft[6]
333,36.140,System:r,clk1:r,-,-,x1,(trace:5.146) = 5.146,3.199,9.663,45.803,B[7:0].B[6],FB1.uA.dut_inst.input_B[6].D,B_aptn_ft[6]
334,36.140,System:r,clk1:r,-,-,x1,(trace:5.146) = 5.146,3.199,9.663,45.803,B[7:0].B[1],FB1.uA.dut_inst.input_B[1].D,B_aptn_ft[1]
335,36.140,System:r,clk1:r,-,-,x1,(trace:5.146) = 5.146,3.199,9.663,45.803,A[7:0].A[3],FB1.uA.dut_inst.input_A[3].D,A_aptn_ft[3]
336,36.140,System:r,clk1:r,-,-,x1,(trace:5.146) = 5.146,3.199,9.663,45.803,B[7:0].B[2],FB1.uA.dut_inst.input_B[2].D,B_aptn_ft[2]
337,36.140,System:r,clk1:r,-,-,x1,(trace:5.146) = 5.146,3.199,9.663,45.803,A[7:0].A[7],FB1.uA.dut_inst.input_A[7].D,A_aptn_ft[7]
338,36.140,System:r,clk1:r,-,-,x1,(trace:5.146) = 5.146,3.199,9.663,45.803,B[7:0].B[3],FB1.uA.dut_inst.input_B[3].D,B_aptn_ft[3]
339,36.206,clk1:r,clk1:r,-,-,x1,(trace:5.146) = 5.146,2.522,15.578,45.803,FB1.uA.dut_inst.c_state[1].Q,FB1.uB.dut_inst.quotient[4].D,un1_quotient_reg[4]
340,36.206,clk1:r,clk1:r,-,-,x1,(trace:5.146) = 5.146,2.522,15.578,45.803,FB1.uA.dut_inst.c_state[1].Q,FB1.uB.dut_inst.quotient[3].D,un1_quotient_reg[3]
341,36.206,clk1:r,clk1:r,-,-,x1,(trace:5.146) = 5.146,2.522,14.717,45.803,FB1.uA.dut_inst.c_state[1].Q,FB1.uB.dut_inst.remainder[5].D,un1_remainder_reg_2[5]
342,36.206,clk1:r,clk1:r,-,-,x1,(trace:5.146) = 5.146,2.522,15.578,45.803,FB1.uA.dut_inst.c_state[1].Q,FB1.uB.dut_inst.quotient[0].D,un1_quotient_reg[0]
343,36.206,clk1:r,clk1:r,-,-,x1,(trace:5.146) = 5.146,2.522,15.578,45.803,FB1.uA.dut_inst.c_state[1].Q,FB1.uB.dut_inst.quotient[6].D,un1_quotient_reg[6]
344,36.206,clk1:r,clk1:r,-,-,x1,(trace:5.146) = 5.146,2.522,14.717,45.803,FB1.uA.dut_inst.c_state[1].Q,FB1.uB.dut_inst.remainder[4].D,un1_remainder_reg_2[4]
345,36.206,clk1:r,clk1:r,-,-,x1,(trace:5.146) = 5.146,2.522,15.578,45.803,FB1.uA.dut_inst.c_state[1].Q,FB1.uB.dut_inst.quotient[1].D,un1_quotient_reg[1]
346,36.206,clk1:r,clk1:r,-,-,x1,(trace:5.146) = 5.146,2.522,15.744,45.803,FB1.uA.dut_inst.c_state[1].Q,FB1.uB.dut_inst.remainder[0].D,un1_remainder_reg_2[0]
347,36.225,clk1:r,clk1:r,-,-,x1,(trace:5.146) = 5.146,0.000,9.578,45.803,FB1.uA.dut_inst.c_state[1].Q,FB1.uB.dut_inst.quotient[0].D,un1_in_valid_2
348,36.295,clk1:r,clk1:r,-,-,x1,(trace:5.039) = 5.039,2.522,14.628,45.803,FB1.uA.dut_inst.c_state[1].Q,FB1.uB.dut_inst.remainder[6].D,un1_remainder_reg_2[6]
349,36.295,clk1:r,clk1:r,-,-,x1,(trace:5.039) = 5.039,2.522,14.628,45.803,FB1.uA.dut_inst.c_state[1].Q,FB1.uB.dut_inst.remainder[1].D,un1_remainder_reg_2[1]
350,36.295,clk1:r,clk1:r,-,-,x1,(trace:5.039) = 5.039,2.522,14.628,45.803,FB1.uA.dut_inst.c_state[1].Q,FB1.uB.dut_inst.remainder[2].D,un1_remainder_reg_2[2]
351,36.295,clk1:r,clk1:r,-,-,x1,(trace:5.039) = 5.039,2.522,14.568,45.803,FB1.uA.dut_inst.c_state[1].Q,FB1.uB.dut_inst.remainder[7].D,un1_remainder_reg_2[7]
352,36.295,clk1:r,clk1:r,-,-,x1,(trace:5.039) = 5.039,2.522,14.628,45.803,FB1.uA.dut_inst.c_state[1].Q,FB1.uB.dut_inst.remainder[3].D,un1_remainder_reg_2[3]
353,36.500,clk1:r,clk1:r,-,-,x1,(trace:5.146) = 5.146,3.258,9.221,45.721,FB1.uB.dut_inst.aptn_reset_sync_rst_n.Q,FB1.uA.dut_inst.input_A[0].CLR,un1_rst_n
354,36.784,clk1:r,clk1:r,-,-,x1,(trace:4.750) = 4.750,2.047,9.019,45.803,FB1.uB.dut_inst.remainder_reg[0].Q,FB1.uA.dut_inst.c_state[0].D,remainder_reg[0]
355,37.533,System:r,clk1:r,-,-,x1,(trace:3.753) = 3.753,3.199,8.270,45.803,A[7:0].A[0],FB1.uA.dut_inst.input_A[0].D,A_aptn_ft[0]
356,37.533,System:r,clk1:r,-,-,x1,(trace:3.753) = 3.753,3.199,8.270,45.803,A[7:0].A[1],FB1.uA.dut_inst.input_A[1].D,A_aptn_ft[1]
357,37.533,System:r,clk1:r,-,-,x1,(trace:3.753) = 3.753,3.199,8.270,45.803,A[7:0].A[2],FB1.uA.dut_inst.input_A[2].D,A_aptn_ft[2]
358,37.581,clk1:r,clk1:r,-,-,x1,(trace:3.753) = 3.753,2.522,14.203,45.803,FB1.uA.dut_inst.c_state[1].Q,FB1.uB.dut_inst.quotient[7].D,un1_quotient_reg[7]
359,37.581,clk1:r,clk1:r,-,-,x1,(trace:3.753) = 3.753,2.522,14.203,45.803,FB1.uA.dut_inst.c_state[1].Q,FB1.uB.dut_inst.quotient[2].D,un1_quotient_reg[2]
360,37.581,clk1:r,clk1:r,-,-,x1,(trace:3.753) = 3.753,2.522,14.203,45.803,FB1.uA.dut_inst.c_state[1].Q,FB1.uB.dut_inst.quotient[5].D,un1_quotient_reg[5]
361,37.639,clk1:r,clk1:r,-,-,x1,(trace:3.753) = 3.753,2.259,21.225,45.803,FB1.uA.dut_inst.count[3].Q,FB1.uB.dut_inst.quotient[0].D,un1_in_valid_6
362,37.813,clk1:r,clk1:r,-,-,x1,(trace:3.753) = 3.753,2.045,7.990,45.803,FB1.uB.dut_inst.remainder_reg[1].Q,FB1.uA.dut_inst.c_state[0].D,remainder_reg[1]
363,37.832,clk1:r,clk1:r,-,-,x1,(trace:3.753) = 3.753,2.026,7.970,45.803,FB1.uB.dut_inst.remainder_reg[5].Q,FB1.uA.dut_inst.c_state[0].D,remainder_reg[5]
364,37.832,clk1:r,clk1:r,-,-,x1,(trace:3.753) = 3.753,2.026,7.970,45.803,FB1.uB.dut_inst.remainder_reg[2].Q,FB1.uA.dut_inst.c_state[0].D,remainder_reg[2]
365,37.832,clk1:r,clk1:r,-,-,x1,(trace:3.753) = 3.753,2.026,7.970,45.803,FB1.uB.dut_inst.remainder_reg[3].Q,FB1.uA.dut_inst.c_state[0].D,remainder_reg[3]
366,37.834,clk1:r,clk1:r,-,-,x1,(trace:3.753) = 3.753,2.025,7.969,45.803,FB1.uB.dut_inst.remainder_reg[4].Q,FB1.uA.dut_inst.c_state[0].D,remainder_reg[4]
367,37.859,clk1:r,clk1:r,-,-,x1,(trace:3.753) = 3.753,1.999,7.944,45.803,FB1.uB.dut_inst.remainder_reg[6].Q,FB1.uA.dut_inst.c_state[0].D,remainder_reg[6]
368,37.919,clk1:r,clk1:r,-,-,x1,(trace:3.753) = 3.753,1.969,7.883,45.803,FB1.uB.dut_inst.remainder_reg[7].Q,FB1.uA.dut_inst.c_state[0].D,remainder_reg[7]
369,39.715,clk1:r,clk1:r,-,-,x1,(trace:5.146) = 5.146,0.000,5.283,44.998,FB1.uA.dut_inst.aptn_reset_sync_rst_n_4.Q[0],FB1.uB.dut_inst.aptn_reset_sync_rst_n_2.D[0],rst_n
